name,age,street,city,state,zip,lng,lat
Edward Schneider,44,56993 Hooper Track,North Cherylville,Montana,20628,-119.392129,73.276127
Alexandra Brown,22,923 Fox Hollow,Lake Heatherside,Vermont,12693,-54.168142,8.5464245
Diana Murray,61,51400 Roberto Spring,Jacobberg,Arkansas,07876,151.068968,47.6466575
Elizabeth Thomas,76,36399 Angie Creek,East Jacquelinechester,Oregon,17646,111.788936,79.247151
Brett Evans,50,7299 Morrison Pine,Michelestad,Minnesota,01707,-48.719996,6.664262
Rachel Barry,29,2786 Travis Glen Apt. 829,Port Troytown,Kansas,01056,-137.617734,-40.7473395
Tyler Ball,23,360 Lopez Points,Josephbury,Virginia,65200,165.122998,19.303726
Ashley Aguilar,69,7969 Burke Avenue,Milesview,Kansas,91721,51.272597,49.626783
Alexandra Lane,68,09589 Reyes Fords,Jeffchester,Montana,32395,42.579580,-48.650384
Brooke Long,31,44767 Bonnie Island,Morrisfort,Connecticut,26514,153.489500,80.2112635
Michael Meyer,78,300 Alexandra Canyon Apt. 408,Jeffreyport,Colorado,49565,95.720467,81.762501
Steven Williams,37,6675 Victor Glen Suite 832,Christineville,Georgia,04333,65.685139,2.1638795
Marie Owens,19,1577 Andrea Stravenue Apt. 386,Abbottshire,North Dakota,87597,111.479270,32.658987
Jennifer Wiley,54,97789 Harrison Run Suite 554,Matthewsberg,Illinois,83361,-93.049853,75.863388
Heather Collins,24,2960 Melendez Point,Jesseside,New York,28071,118.528593,-39.637204
Antonio Bailey,75,391 Kennedy Flats,East Ryanville,Kansas,71385,56.840926,-70.553508
James Brooks,57,963 Dalton Prairie Apt. 503,North Jeanette,Illinois,44224,124.370977,-9.5305295
Jeffery Wilson,49,57332 Denise Avenue,Lake Jacqueline,Hawaii,63388,-9.149132,11.8277175
Annette Garcia,78,99363 Jones Cliff Apt. 652,Kellerton,Massachusetts,09530,-39.004941,80.3699155
Omar Reyes,24,3871 Jordan Lights,Carrieville,Illinois,54851,74.013773,-78.2653655
Jeffrey Heath,56,34866 Tammy Mountain,Hawkinsside,Nebraska,01136,-88.960542,-75.3186955
Gregory Martin,29,926 Jason Well,Maryhaven,Connecticut,44438,-159.398735,69.5319185
Rita Boyd,18,4795 Bennett Parks,Lake Nicoletown,Utah,35948,-174.978698,-30.526990
Mr. Michael Jordan,70,760 Morris Junction,Lake Christophermouth,Connecticut,18461,141.178710,-74.5026445
Angela Wilson,72,58264 Brian Flats Suite 163,Robbinsbury,Oklahoma,98873,118.435049,33.291480
Vicki Luna,51,822 Molly Rapid,Philipberg,Ohio,45302,-79.294868,65.360407
Alex David MD,37,848 Lawson Bypass Apt. 205,East Matthew,Hawaii,42471,111.081311,-87.0192905
Brittany Robles,59,025 Christopher Spur Apt. 953,Robertburgh,Ohio,52641,12.470686,-51.852646
Kenneth Carter,67,5201 Rhonda Parkway,East Kristinhaven,New Mexico,21870,71.321124,63.695873
Edward Howard,62,933 Bell Shoal,South Jesse,Illinois,63225,55.881001,-29.794099
Cynthia Kim,73,5987 William Branch,Huffberg,Mississippi,22668,78.467115,85.521916
Kevin Miller,48,3139 Terri Springs Suite 809,North Tina,Kansas,56665,-29.689808,-55.3277285
Robert Conley,51,327 Kyle Field,Port Michelletown,North Dakota,51174,54.352892,86.6800595
John Carey,63,5721 Kimberly Bypass Suite 353,Lake Michaelton,Alaska,92706,171.000240,13.4266915
Diane Flores MD,62,90536 Bennett Rapids Suite 574,South Tracie,Rhode Island,22125,-127.738118,78.226763
Erika Williams,24,19801 Nicholas Island Suite 401,Bautistaton,Kentucky,77026,-82.211665,-31.5644545
Steven Robinson,52,349 Phillips Ports,Paulmouth,South Carolina,02186,-94.889345,-18.3795225
Nichole Robertson,39,563 Jeffrey Lane,South Danny,Oregon,38532,166.012055,-27.098965
Justin Rose,74,71486 Lopez Overpass Apt. 416,East Anthonychester,Texas,83834,28.531197,-73.9332735
Mary Schmidt,71,06424 Richards Islands,North Frederick,Massachusetts,78822,-78.878324,70.8335775
Tanya Ferrell,53,963 Heath Pass Suite 914,North Amy,Georgia,02443,-77.116445,57.7760205
Deborah Graves,67,4621 Bailey Cliffs,Christinatown,Rhode Island,47104,-97.375181,-0.327537
Mary Perry,76,354 Carey Crescent Suite 533,North Barbarabury,West Virginia,03121,75.633019,56.351077
Mr. Michael Mcdowell,37,5650 Anthony Flats,East Martha,Florida,36190,148.218102,12.1999685
Monica Glover,43,853 Shepherd Viaduct,Williamsfort,Vermont,26397,-144.535902,-53.1047265
Jessica Cooper,21,98553 Hunter Extension,North William,Alaska,90568,27.850122,-52.552993
Austin Kirby,52,755 John Ford,West Mckenzieberg,Tennessee,49805,-113.724789,50.841518
Dana Wilson,66,10306 Hodges Ports Apt. 872,East Nancy,Oregon,87803,-111.591119,71.9827435
Michael Maxwell,78,896 Freeman Lakes Suite 974,Christinachester,New Hampshire,34099,-151.970310,72.6812785
Ann Carrillo,36,81780 Barbara Roads Suite 178,Cynthiachester,Illinois,35386,-57.677245,-46.519162
Timothy Dunn,70,4267 Richard Ramp Apt. 817,Sethfurt,South Dakota,65375,-42.048050,0.2836575
Joshua Park,56,96127 Lee Spurs,South Scott,Oregon,80068,-24.743425,75.8207335
Kenneth Richards,73,520 Gaines Tunnel Apt. 231,Jeffreyside,Connecticut,61601,142.071500,51.693202
Juan Santana,53,7708 Tommy Lights,Reginashire,Illinois,68732,52.771917,32.264254
Mr. Benjamin Ross,25,52068 Bradley Corners Suite 629,Sharonburgh,Connecticut,83841,-73.781127,64.922051
Maria Huerta,47,8642 Weiss Islands Suite 128,North Vincent,Rhode Island,73008,-142.748628,-12.500301
Jessica Smith,36,03339 Mills Spurs,South Manuelport,Vermont,99068,13.202479,-25.829377
Heather Bush,49,3667 Crystal Isle Apt. 113,North Amberview,Delaware,88989,143.600848,36.2330615
Jason Kline,32,63406 Wendy View,West Brittany,Iowa,02770,150.050974,39.802090
Anthony Arnold,64,8283 Perez Trail Apt. 054,Lake Aaronside,Connecticut,94857,-21.332185,66.0389895
Jon Choi,60,6509 Mary Vista Suite 002,Kyleshire,Virginia,38487,-28.651736,-73.753196
Robert Smith,80,10912 Amy Pike,Marilynbury,Colorado,70789,96.106324,-88.715711
James Goodman,35,2675 Bonnie Ports,Alvarezchester,Rhode Island,29495,-33.814551,80.169536
Dana Bright,67,23828 Keith Stream Apt. 611,Schmidtshire,Maine,47289,-138.067651,74.3324735
Alan Gray,28,77322 Dennis Orchard Suite 521,Sosaberg,Maine,73582,-103.493502,-11.7226055
Jessica Evans,42,986 Samantha Throughway Suite 815,Lake Samuelhaven,Georgia,33279,-93.738058,-8.9014775
Jennifer Brown,27,0209 Sheila Spur,West Kyleburgh,South Dakota,51511,-142.807555,73.263611
Natalie May,47,7902 Vicki Plaza Apt. 552,Rosschester,Louisiana,38772,-76.061548,65.5382395
Kristen Cooper,50,72961 Bruce Estate Apt. 547,Port Veronica,North Dakota,16373,13.910615,-2.310987
Heather Johnson,74,341 Ward Prairie,Zavalaview,Nebraska,02298,18.103443,-84.5484085
Joseph Crosby,34,28995 Elizabeth Throughway Apt. 334,Mclaughlinville,New Mexico,38863,-116.492695,-61.2169735
Lisa Wheeler,25,7983 Denise Square,Paulshire,Missouri,08975,87.200295,-50.580657
Rebecca Avila,18,371 Griffin Greens Apt. 814,Ryanview,Delaware,60070,-67.479331,66.448132
Rebecca Morris,70,73773 Robinson Camp,Port Monica,Delaware,63736,-89.634386,-88.9362435
Katherine Jones,20,989 Jensen Greens,Michaelhaven,California,94682,-55.806143,71.101224
Brandon Edwards,22,455 Brown Mount Suite 172,Reneestad,South Dakota,37633,115.354583,-71.354834
Angela Cannon,71,363 Jesse Fork,Port Vincentview,Arkansas,08737,-116.243971,-70.1849655
John Vaughn,50,13960 Raven Rue,South Monica,Wisconsin,58867,-54.344021,-44.4489745
Brian Sheppard,51,8941 May Gardens Apt. 277,Garciashire,Idaho,34658,75.295783,-3.417283
Dana Wilson,19,4655 Heather Lock Apt. 107,Prestonport,California,66917,-31.585035,-71.4857165
Matthew Roberts,45,513 Quinn Orchard Suite 269,Vaughnchester,Kansas,73669,120.991868,69.282444
Laura Garcia,23,54150 Jamie Manors Apt. 677,East Josephport,Idaho,69528,11.632585,-33.5140695
Sergio Crawford,30,6136 Blankenship Oval,Lake Justinmouth,Wyoming,70902,97.389726,12.0690275
Lori Johnson,64,737 Anthony Hollow Suite 538,West Robert,Ohio,29101,-12.470338,19.0683265
Mark Wright,39,642 Michael Corners Suite 606,Andreaborough,Georgia,51619,72.593170,-8.553516
James Gates,31,98812 Lee Cove Apt. 483,Josephville,Indiana,42578,131.547633,5.996751
Roger Mccarty,62,4561 Reginald Manor Suite 109,New Ronaldland,Louisiana,41777,108.538976,-19.079909
Alicia Hammond,45,9767 Glover Parkway,Barkermouth,Mississippi,29579,-150.558979,-61.873439
Amy Wilkerson,31,676 Natalie Coves Suite 387,Myerschester,Florida,13483,65.564289,-32.873600
Jennifer Miller,25,11683 Kristopher Streets Suite 647,Port Nicholasbury,Maine,88832,169.528435,-28.4119435
Laurie Watkins,57,5665 Gallagher Drive,Beltranfurt,Maine,90813,61.323426,-77.9558345
Anthony Sullivan,68,9731 Eric Lock,Ortizton,North Dakota,15165,25.127015,-11.873417
Julia Goodman,18,5351 Miller Mission Suite 711,Claudiaburgh,Colorado,20569,-46.799994,-33.719332
Alexis Rogers,25,69564 Evelyn Shoals,North Kyle,Oregon,80380,-111.355789,-12.7889085
Michele Harris,52,81769 Lopez Ports Apt. 012,North Kyleport,Missouri,26587,120.405645,-23.0588325
Adam Hunter,54,33730 Ramirez Rapid,Wendyberg,Alaska,53756,-38.430136,9.566881
Denise Robles,25,201 Michael Spurs,Williambury,Georgia,73812,17.025522,16.0972635
Patrick Hernandez,60,09696 West Road,Joelshire,Wisconsin,57674,148.941879,-35.210685
Donna Smith,50,269 Elizabeth Well,Murphyhaven,California,89027,157.290690,-81.915158
Derek Arnold,49,66272 Valerie Villages Apt. 435,New David,Ohio,50334,-54.711703,74.6885505
Christie Wallace,69,3200 Brad Crest Suite 599,Anthonyhaven,New Jersey,08619,-108.279993,-5.4136175
Kristin Horton,76,91331 Rebecca Viaduct,Lake Derekshire,Utah,23329,-155.690114,-19.4397025
Robert Spence,33,018 Fitzgerald Courts,Scottborough,Colorado,68077,-123.849328,-36.807710
Sarah Jones,54,260 Nelson Points Suite 247,West Jeffreyside,Wisconsin,39752,168.544310,-74.714466
Justin Hill,67,16464 Matthew Burg,Kristyburgh,Minnesota,68079,-68.778880,-78.750086
Logan Davis,55,84304 Wright Neck Apt. 331,South Debra,Delaware,73527,127.326846,-61.9503075
Joan Clark,26,69374 Scott Via,Hannahport,Arkansas,34253,52.286491,84.1377365
Jamie Dominguez,27,3026 Gray Rapid,Jacksonstad,Minnesota,11946,15.194214,15.7996895
April Norton,55,20760 Julie Highway,Hesterbury,Rhode Island,17936,-163.081992,-35.3968645
Michaela Baker,19,3314 Mccann Fork Suite 584,East Nicholas,Minnesota,14039,115.203872,-21.022113
Lori Johnson,22,72978 Smith Extensions,Starkstad,Rhode Island,75023,-48.576052,-22.743315
Tyler Valdez,29,36905 Lyons Tunnel Suite 858,Bryanview,Kentucky,05689,17.645842,47.7202585
Elizabeth Brown,32,93567 Payne Station,South Andreaborough,Hawaii,08000,-106.923940,-63.351343
Jennifer Williams,60,27282 Fletcher Streets,Roberthaven,Colorado,18347,-144.853403,35.250717
Angela Scott,25,29308 Scott Bypass Suite 723,Grantside,New Hampshire,92992,-6.779229,61.676805
Eric Moore,72,6314 Kenneth Rapid,Caldwellborough,New Hampshire,66539,-8.666231,50.5768925
Justin Hooper,33,34043 Jason Highway,West Amandahaven,Minnesota,62836,-19.323420,74.6981015
James Morris,37,63766 Christopher Mountain Suite 025,Mariobury,New York,68233,114.830539,8.1485935
Jennifer Moses,79,84240 Hudson Viaduct,Brandonmouth,Nebraska,14179,92.835138,-70.208213
Pamela Gordon,28,3968 Alejandra Meadow,West Daniel,Connecticut,81770,32.387100,68.492895
Jennifer Williams,32,9296 Holland Pass,West James,Louisiana,78748,-36.764806,54.5212375
Patrick Sullivan,18,5302 Sheppard Crossroad,North Richard,Rhode Island,70799,-135.975545,-85.7121005
Bryan Arellano,64,094 Reynolds Estate Suite 479,Port Gail,Iowa,59305,-102.435113,57.0808545
Michele Turner,41,95632 Brennan Plaza,Danaborough,Iowa,06457,-39.778542,-77.4603575
Gabriel Kelley,71,28607 Hopkins Locks Apt. 118,Port Tracey,Illinois,66774,-52.390351,8.2377715
Sara Campbell,69,259 Mccoy Route Suite 739,Luceroland,Nevada,61824,23.044695,-61.549604
Kyle Williams,42,3336 Christopher Courts Suite 537,South Jeffrey,New Hampshire,70588,98.276904,0.8107735
Stephen Brown,72,02898 Hammond Mews Apt. 700,South Lindsay,Wyoming,78526,-44.637272,-44.255402
Mark Charles,24,647 Brett Extensions,Robinmouth,Delaware,30268,-128.384241,-9.5274255
Wesley Taylor,54,4762 Hall Loop Apt. 177,Lake Jeffery,Missouri,57290,70.018325,-69.5692215
Fred Barber,49,1257 Schwartz Unions Apt. 259,Kylefort,Utah,72567,138.325108,35.221301
Gabriel Hansen,36,4168 Krueger Plain,Jerrymouth,Maine,71337,-47.983745,75.156424
Richard Collins,30,28537 Beck Plains Apt. 216,South Jeanette,Arkansas,71504,7.572851,-59.1367935
Norman Oliver,78,55742 Jackson Inlet,North Eddie,Maine,37155,-141.423231,7.9918435
Maria Warren,59,819 Dalton Lodge Suite 758,Port Jordanchester,Illinois,44422,77.019848,0.839967
Maria Chen,25,0405 Mason Shoal,Allisontown,Maryland,03443,15.350247,-68.822704
Connor Gonzalez,74,6193 Lori Trail,South David,Maine,79313,-151.104820,9.6331365
Stephen Armstrong,45,59888 Hayley Squares Apt. 398,New Brian,Texas,69214,43.643130,-68.3493325
Gina Anderson,57,617 Fitzgerald Mount,Smithland,Nebraska,89747,-179.636385,9.0565625
Joshua Young,46,82677 Weaver Haven,Benjaminland,Arizona,93820,56.697327,-2.9243865
Leah Mcbride,29,121 Wood Spurs Suite 129,West Michelebury,Rhode Island,72308,156.389183,-52.2232985
Shawn Carey,41,5243 Holmes Mews,West Jacob,Georgia,66050,-133.359610,7.025606
Thomas Cross,73,1388 James Manor,Butlerberg,Connecticut,89273,-174.791749,-86.527221
Jesus Parker,46,209 Jason Unions,Kathyport,Indiana,44454,164.212613,-6.442561
Wayne Camacho,55,16296 Mary Path Apt. 444,New Robertland,Wyoming,01786,-29.984172,54.4566345
Casey Thompson,59,0643 Swanson Forks,North Vanessa,Georgia,00954,145.381152,-43.2939865
Kevin Maxwell,50,4186 Bolton Plain Apt. 299,Port Crystal,Nevada,41638,-176.646232,0.984866
Alexander Sweeney,28,8953 Kimberly Ridge,Kellyville,Mississippi,33692,45.556051,-10.100241
Kevin Miller,68,0876 Miller Plain,Lake Eileen,Texas,25723,144.721904,-33.6001445
Matthew Rodriguez,71,70476 Felicia Village,Mcdonaldport,Wisconsin,21450,-171.244610,22.2455135
Kimberly Smith DVM,70,39205 Hannah Views,Bakermouth,Wyoming,09604,2.901891,-56.574950
Mario Tapia,59,952 Darren Mountain Apt. 798,East Sarah,Idaho,86376,88.059718,-54.662975
Christopher Price,23,793 Roberts Bypass Suite 287,Janetstad,South Dakota,16445,167.208936,-83.0804955
Jeffrey Phillips,19,57130 Rhonda Lane,Marcuschester,Washington,70308,-100.727247,29.1821455
Kristen Leon,28,41593 Ronald Crescent Apt. 036,Port Ashleyville,Massachusetts,71226,7.416751,-42.940738
Jack Patel,66,2353 Spears River,Rebeccatown,Tennessee,76081,-153.306351,-51.449288
Marcus Dixon,60,331 Patricia Route Apt. 777,Lake Rose,Oregon,02313,-171.567339,-43.138270
Julia Hendrix,42,00236 Caroline Glen Apt. 906,Alyssabury,Wisconsin,54353,37.269582,1.422262
Jesse Green,43,94926 Jeffrey Mountain,Garciaside,North Dakota,22601,134.465245,-71.8151615
Shannon Mclaughlin,77,2266 Marie Plaza,East Brianfort,Vermont,38979,53.922158,-76.881051
Daniel Allen,77,1493 Luis Gateway,Amberbury,Vermont,53828,-114.505976,12.428943
Casey Moore,80,18453 Mckinney Run Apt. 207,Jenniferton,Ohio,11297,-141.641454,47.856678
Ashley Huber,38,5362 Peter Hills,Fosterside,Oklahoma,54694,-2.174798,-54.527666
Alice Evans,20,1877 Black Parks,Crystalmouth,Nebraska,54909,100.326447,-71.2774965
Catherine Duarte,77,22237 Miller Locks,Juanland,Indiana,43242,-104.424811,46.491438
Robert Willis,30,7278 Donald Cliff,Patriciaberg,Kansas,30334,-132.931023,75.0117915
Melissa Evans,45,439 Ball Junctions,Port Daniel,Florida,29750,-57.399372,-22.858319
Edward Santos,39,65679 Chavez Glen,Morrowfurt,Rhode Island,48208,66.099671,64.874780
Christian Coleman,28,90487 Gay Prairie Suite 382,Franciscoview,Montana,94289,113.965646,-52.5080015
Joseph Bennett,48,941 Castro Field Suite 870,Port Richard,New Jersey,59610,-44.081754,-57.8813435
Dr. Brianna Schmidt DDS,21,969 Tyler Hill,Dixonside,Ohio,20184,-133.784833,-63.5051915
Emily Thompson,77,99276 Collins Harbors,Marksberg,Rhode Island,85113,-135.243525,-18.055682
Robert Weaver,18,44747 Lorraine Crest Apt. 960,Angelfurt,Mississippi,55155,122.171907,79.080092
Ashley Rosario,62,4517 Maxwell Forks Suite 081,Singhport,Hawaii,02834,-128.437452,-78.594195
Travis Henderson,70,7957 Ballard Inlet Apt. 756,West Alisha,New Hampshire,40915,25.527207,-39.4772835
Michael Reynolds,19,8816 Maria Station Apt. 055,East Alisha,Ohio,52693,-100.737352,-60.1238615
Christopher White,73,110 Erica Neck,Port Cherylton,Vermont,05958,-132.124219,-84.685667
Angela Lynch,52,42791 Joe Flat Suite 229,Brendaville,Alabama,03089,88.872330,-48.6643825
Michael Snyder,29,612 Wells Extensions,North Scottstad,California,85646,137.209727,-48.802319
Rachel Morrison,75,3462 Bowen Wall,Scotttown,Florida,05271,142.523714,-16.4085345
Shannon Perez,33,90221 Karina Throughway Suite 649,Lake William,Kansas,34074,5.058278,-41.871612
Casey Ramos,49,75891 Miguel Shoal Apt. 148,Gibsonchester,Maine,49215,104.875488,-87.154041
William Mccormick,70,08678 Byrd Street,Robertberg,Texas,65824,-5.119520,-36.800994
Francis Ford,23,4322 Todd Bridge Suite 685,Port Dalebury,California,62754,163.876579,8.092283
Maria Olson,48,88859 Christopher Springs Suite 536,New Jillmouth,Alaska,88065,33.185192,49.006778
Ryan Romero,55,49162 Lisa Avenue,Prattstad,New Jersey,21172,-73.751639,58.096969
Jennifer Gutierrez,41,87893 Cobb Greens Suite 340,Port Dianafort,Georgia,36685,128.591953,-59.3288485
David Crawford,54,739 George Mountain Apt. 477,Port Joseph,West Virginia,47303,-107.883904,52.594498
Yolanda Rodriguez,41,95193 Emily Ports Suite 222,Port Joshuaview,Kansas,63157,-139.600273,-61.870837
Laurie Mora,49,743 Cox Lock Suite 925,Jesseborough,Delaware,14060,145.991236,-3.975629
Timothy Rodriguez,52,651 Ochoa Square,Lake Janet,Mississippi,45455,95.629592,-60.851339
Jennifer Cummings,22,0216 Jessica Way Suite 587,East Robert,Georgia,54752,-84.121658,-40.1833975
Bradley Thomas,36,99497 Dorothy Isle Suite 362,Lake Linda,Texas,07787,88.250917,15.672302
Erika Khan,33,70039 Frazier Mission,Andersonberg,Oklahoma,17346,43.884279,9.6664835
Michelle Rogers,60,7681 Archer Green Suite 018,Port Charles,Mississippi,75631,-105.394826,36.608169
David Moreno,59,5356 Jessica Harbors,Port Dean,California,33489,-21.902572,82.9768885
Steven Waller,36,7828 Moreno Mountains Suite 154,South Ericbury,West Virginia,92602,95.075016,64.2028345
Larry Smith Jr.,62,482 Rivera Manors,Port Jessemouth,Washington,13821,70.853154,51.017972
Angela Black,70,3331 Ortega Extensions Suite 809,North Julia,Maine,91619,93.653146,-88.1140425
Michael Pena,66,855 Fuller Manors,Grayfort,Missouri,12117,90.999676,-8.623948
Karen Roberts,79,449 Torres Islands Apt. 997,South Davidton,North Carolina,61633,98.626700,-13.2634375
John Johnson,42,625 Carlos Bridge,Melaniehaven,New Mexico,89073,157.732028,-80.9170615
Mark Hoffman,47,06664 Gray Spring,Jillborough,North Carolina,05671,-30.870852,-43.045869
James Fields,31,8133 Scott Glens Suite 809,Lake Christineshire,Oregon,20280,-107.799782,20.493332
Adam Monroe DVM,68,6758 Wood Rapids Suite 826,Darrylfort,Idaho,16552,-40.960377,7.1695725
Kristen White,38,69815 Sharon Ferry Suite 563,Alexaside,Colorado,39851,75.890532,-80.226672
Michelle Thomas,49,5652 Michael Centers,Davismouth,Mississippi,32770,88.532877,70.852618
Natalie Wade,73,82230 Samantha Causeway,Alicestad,Minnesota,29301,-15.017376,56.8773925
Yolanda Moore,44,49069 Thomas Fall Apt. 718,Dawnfort,Alaska,24436,79.232519,-60.909093
Lisa Adams,53,3882 Rick Cliffs,North Kristamouth,Nebraska,27903,-137.606425,64.841376
Amanda Green,31,873 Jordan Lakes,Candiceshire,Michigan,35254,-111.314665,19.2807755
James Garcia,56,3680 Chavez Cape,Port Anna,Colorado,13636,-91.326892,-59.5604085
Gregory Horne,38,3384 Emily Ford,Port Nathanielton,Nevada,40927,-17.444330,85.205862
Michael Williams,19,24935 Katherine Knolls,South Leahside,Maine,59493,24.109823,51.8373175
Martin Ramsey,39,966 Mason Path,North Catherine,Indiana,88490,16.724661,-13.498925
Julian Copeland,80,2092 Townsend Gardens Suite 413,North Jamesville,Washington,72639,-134.934136,-69.4054285
Jennifer Campbell,44,04171 Donna Island Apt. 498,South Elaineside,Georgia,28858,-153.035446,-60.9810075
Barbara Jones,70,8812 William Curve,East Charles,Illinois,01447,98.838943,-75.552461
Kristy Richmond,74,89593 Miller Station,Harveyhaven,Pennsylvania,42657,-13.526391,-22.8958445
Rebecca Mccall,41,6057 Veronica Dam Suite 668,East Mark,Idaho,88533,2.601222,25.771202
Jeffrey Pope,51,40181 Kelley Crossing,Lawrencetown,South Carolina,76421,-47.071693,-45.2133415
Rachel Smith,25,9853 Javier Lock,South Terriside,North Carolina,40615,25.329501,-43.1974255
Jennifer Parker,22,5909 Flores Harbors Apt. 936,New Joe,California,35405,35.459358,-5.9553935
Christopher Villegas,55,46453 Rivera Ford,West Kennethmouth,North Dakota,42311,43.035772,-46.988947
Eddie Harmon,53,7260 Paul Islands,Lindseyland,Connecticut,75863,123.039400,-58.3311865
Monica Armstrong,21,343 Eric Route Apt. 358,West Michael,Alaska,77469,-153.821106,68.2128785
Robert Summers,71,767 Johnston Camp,North Patriciashire,New Hampshire,64563,-148.886178,12.1120565
Willie Gonzales,29,97720 Velasquez Via,New Kimberlyville,Kansas,18022,-1.187762,-80.529041
Elizabeth Ayers,61,41430 Jennifer Crossroad Suite 146,Turnermouth,Nebraska,05974,97.436294,9.4879205
Shawn Gray,45,7283 Alyssa Pine Apt. 563,Benitezland,Tennessee,90551,142.001072,69.241356
Jennifer Bates,28,0230 Joe Way,Jasminborough,South Dakota,40549,-116.038465,85.976990
Sheila Reyes,40,3922 Jonathan Court Apt. 897,South Julie,Maine,95283,-143.820011,40.013308
Andrea Woods,35,1837 White Roads Apt. 574,Lake Pamela,Massachusetts,31788,116.445337,60.342469
Elizabeth Martin,74,38660 Ramos Oval,New Adam,Oklahoma,38233,-157.604490,14.511386
Sarah Thomas,69,70488 Johnson Ville Apt. 818,North Tonyafurt,Arizona,92979,-121.853920,39.8650105
Aaron Compton,41,13044 Ware Dam,Smithburgh,Colorado,55546,120.492992,-51.968709
Sarah Campbell,69,2718 Jesus Coves,Christyburgh,Iowa,26660,-107.133830,6.0776095
Kelly Williams,55,67190 Holly Lane Suite 578,Sharpburgh,Connecticut,68206,-115.314373,-30.9966285
Michele Kelley,76,4991 Rodney Squares,Freemanland,South Dakota,63215,128.583982,22.7817605
William Hoover,22,55505 Perry Prairie,Fosterbury,Georgia,96356,-30.510266,-82.3748885
Phillip Berry,37,75807 Moran Shore,Hoodmouth,Georgia,29519,-88.290576,-80.4456515
Angela Duffy,38,758 Tina Cliffs Apt. 742,Lake Patriciafort,Georgia,38520,35.892427,-36.3321995
Tiffany Brown,30,427 Weeks Islands,Johnsonview,Georgia,67620,-48.309073,-63.654410
Christopher Boone,28,458 Watson Corner Apt. 884,Port James,Illinois,23978,-142.809007,-62.442926
Jose Kidd,61,696 Danielle Ways,South Corey,Tennessee,27147,-140.794142,-37.395927
Deborah Grant,64,690 Megan Courts,West Micheleburgh,Maine,26207,-52.360340,49.8699445
Joseph Smith,44,09954 Zimmerman Union Apt. 589,East Jamesborough,New Jersey,32949,-155.539542,25.288949
Donna Lindsey,24,54710 Eric Village,Port Matthew,Arkansas,39274,-157.639889,22.079344
Amber Hutchinson,19,10613 Lewis Trail,North Nataliebury,North Carolina,21181,-164.165035,3.2476895
Jonathan Horton,60,52781 Matthew Port Apt. 701,North Michael,Delaware,15987,166.682358,34.1374505
Joshua Garcia,65,5869 Mills Canyon,New Joshua,Minnesota,39396,47.521238,-58.4813135
Dawn Boyd,80,43575 Rice Crescent,Port Gabrielborough,New York,52430,117.409333,-39.425427
Jennifer Leblanc,38,615 Mitchell Ridge,West Thomasport,Nebraska,04758,84.326239,-81.745371
John Palmer,59,562 Andrew Underpass Suite 438,South Sandraside,Kentucky,08631,35.637250,-17.933627
Theresa Mcdonald,34,394 Montes Forge,Lake Dominiquefort,Rhode Island,25602,-24.324962,61.7929695
Paul Martin,75,69768 Oscar Court Apt. 794,North Cheryl,Wyoming,57717,-55.712706,72.822339
Anna Hernandez,31,1545 Dudley Stravenue,South Amy,Arkansas,09008,86.591455,-15.2205085
Jacqueline Andersen,43,535 Allison Fields Apt. 644,Hillview,Arizona,65420,-91.829888,-45.9373625
Shelley Villegas,42,041 Shannon Lodge Suite 060,South Mariafort,Arkansas,63402,-83.300065,-15.3596145
Daniel Johnson,46,91566 Gilbert Knoll,Johnsonton,New Jersey,93887,-97.919170,81.240153
Kimberly Castaneda,19,9842 Williams Loaf,Alvaradoton,Texas,37499,11.496269,81.266240
Patricia Smith,23,163 Campbell Drives,South Karenbury,Illinois,93402,-43.572017,4.6350685
Karen Houston,22,034 Jose Flats Suite 116,Ianstad,Kentucky,01636,44.577879,76.8981115
Rebecca Baker,56,4856 Thomas Prairie,Colemanview,Vermont,80942,-166.936180,52.6485265
Tiffany Blackwell,23,590 Huff Branch Apt. 425,Timothychester,New Jersey,97125,60.959403,-82.0718815
Kevin Wilson,63,55921 Evans Glen,Alishaland,Oklahoma,31711,96.067598,-34.101469
Sonya Johnson,40,6639 Deborah Bridge Suite 191,East Michael,North Carolina,89818,80.397632,-18.4674245
Ashlee Martin,36,2597 Alan Villages Suite 850,South Amandatown,Nevada,63853,-145.421505,88.659428
Derek Jones,67,8549 Wood Lane Apt. 843,North Adrienne,Illinois,42962,-141.033558,46.2195465
Alicia Richardson,62,5857 Justin Fields Apt. 209,Morenoview,Mississippi,80699,-143.570334,-73.291623
Elizabeth Hill,31,1889 Daniels Throughway Suite 689,Danhaven,Alabama,56020,23.377580,80.2297965
Christopher Patel,22,72969 Stewart Parkway,Alifort,North Carolina,72227,-50.623925,75.2693955
Pamela Hart,54,01533 Mitchell Center Suite 854,Ellenfurt,Montana,66994,107.225345,75.637762
Daniel George,51,78162 Jerry Summit,Lake Carolineville,Oklahoma,78313,2.517833,-75.1956375
Kathryn Haynes,59,309 John Motorway,Shaunville,Vermont,38854,-118.763585,33.1368905
Kayla Anderson,39,6098 Nathaniel Square,Jameshaven,Wisconsin,16649,65.821759,15.2171295
Justin Jackson,73,55006 Rachel Drive,East Joelshire,Minnesota,22379,-8.811302,9.267670
Jillian Alvarado,28,469 George Creek,North Natasha,North Dakota,59463,163.849434,-39.932334
Ashley Harvey,49,5477 Watkins Forest,Montestown,New Mexico,00558,-90.296642,-73.473763
Martin Adams,76,824 Rodriguez Run Suite 241,Jameshaven,Arizona,17688,-99.507084,89.9624725
Jennifer West,71,68163 Lewis Spurs Suite 008,New Robertborough,Arizona,97417,179.683935,-28.3160285
Melissa Romero MD,51,1355 Michele Extensions Suite 101,Ramirezstad,Colorado,35166,44.084465,-6.4143905
Gary Perez,69,71899 Smith Ports,Dennischester,Arkansas,74383,-9.775065,-53.536258
Danielle Kelley,33,667 Rita Knolls Apt. 679,Rebeccatown,Virginia,58145,117.616274,82.152373
Miguel Stevenson,52,538 Rebecca Burgs Apt. 638,Dillonmouth,South Carolina,40164,94.082808,56.0242445
Rachel Stewart,45,21084 Lloyd Harbors,New Michael,Colorado,16784,112.279622,-88.426040
Brian Williamson,68,309 Duran Valley,Lake Leahhaven,Oregon,35038,149.852712,4.8317755
Robert Abbott,58,87998 Moreno Skyway Suite 893,East Melissaside,Pennsylvania,68895,114.559810,19.1206355
Jaclyn Mcdaniel,67,08952 Knapp Spur Apt. 243,Brennanmouth,New Jersey,94646,-166.042057,-47.1486515
Christopher Shah,29,19762 Darrell Lock,Ashleyborough,Missouri,42552,84.057863,-40.752893
Frank Mclaughlin,22,8051 Johnson Rest Apt. 165,Washingtonview,Connecticut,71550,75.782028,44.340102
Paul Frazier,65,36564 Jennifer Mount,New Rodneyport,Massachusetts,80558,80.186226,-49.017688
Roy Hughes,28,4526 Summers Valley,Wheelertown,Montana,82159,179.315005,-59.824675
Emily Vasquez,51,641 Tammy Plaza Suite 142,Garystad,North Dakota,19540,-108.611778,88.071864
Amanda Shah,65,21681 Harding Square Suite 275,Jamesport,North Carolina,97205,-130.956356,67.735026
Keith Joseph,25,538 Bryan Walks,North Angelicafurt,New Hampshire,40166,97.029569,-59.0517575
Anthony Brown,26,46253 Edwards Cliffs Suite 964,East Michellefort,Ohio,16118,114.765115,11.335147
Michaela Bray,32,34247 Eric Mountains Suite 455,North Jesse,Kentucky,34556,-123.798170,-12.8405365
Victoria Roberts,33,168 Zimmerman Isle,Katietown,Wisconsin,50374,-157.302359,-36.3067985
Karen Martin,22,0628 Taylor Spur Suite 054,Georgefurt,Maryland,91052,110.358366,-89.598938
William Nguyen,53,4825 Gonzales Mountains,Gillshire,Minnesota,28066,24.902577,-27.768126
Reginald Cobb,52,1334 Alicia Alley Apt. 342,Lake Michele,Delaware,03556,-45.299381,-30.6805115
Christina Mendez,71,4816 Deborah Cape Suite 412,South Douglas,Arkansas,04814,82.618851,-8.912764
Jeremy Shaw,29,03110 Jones Throughway,Bowmanstad,Indiana,67585,-93.651783,-36.4688895
Shannon Horton,49,7561 King Court Apt. 381,Jameschester,Kentucky,81041,-60.683938,-4.5551045
Elizabeth Allen,72,56575 Frances Divide,Mooreburgh,Alabama,60283,55.228518,80.350854
Craig Macias,37,287 Christopher Row Apt. 401,Port Michaelmouth,New Jersey,18287,29.690318,48.1198175
Kristen Mendez,68,92948 Barrett Hills Apt. 808,Dillonfurt,South Carolina,91939,47.433503,-52.1642435
Jeffery Hicks,74,521 Martinez Garden Suite 601,South John,Indiana,84147,119.265383,-74.5875625
Anthony Wilson,23,0485 Romero Forge,South Garyfort,Iowa,64872,-160.796002,56.730686
Kelly Davis,39,337 Gary Station,Meghanville,Massachusetts,79507,152.170087,62.120745
Terri James,73,92453 Kimberly Port,Johnfurt,Massachusetts,79021,47.591141,-39.730859
Brittany Davis,46,8845 Kim Ranch,Lake Kathleen,Virginia,79858,165.405287,28.341314
Matthew Kramer,75,4440 Gabriela Stravenue Apt. 605,South David,Rhode Island,26061,49.639994,76.554063
Morgan Thompson,63,356 Johnson Union Suite 191,Martinezport,Alaska,19206,-162.081780,45.3849015
Nicholas Hill,78,3011 Amber Radial Apt. 710,South Veronicafurt,Maine,12891,85.516633,40.238323
Christopher Rodriguez,21,78891 Kristen Island,Alejandrofort,New Hampshire,58889,-87.684585,-0.780522
Harold Wise,19,10326 Kristina Unions,Johnsonton,Wyoming,73096,47.829751,29.2297545
Julie Carson,60,687 Brown Shores,New Adamland,Delaware,24683,68.950515,89.3760905
Lisa Mason,46,98606 Bennett Dam Apt. 374,North Kristen,South Dakota,92049,66.184605,76.1685955
Kimberly Long,41,110 Anderson Neck,New Emily,Virginia,50884,-69.076738,56.082949
Vanessa Wall,77,6603 Nelson Estate Suite 005,Amyfurt,Nevada,16376,-113.128860,37.578979
Valerie Williams,21,49733 Noble Street,South Roy,Utah,05398,-52.971632,53.3745455
Leslie Dominguez,73,86331 Brady Vista Apt. 386,Lake Alexismouth,South Dakota,69728,137.332669,-2.010825
Gabriel Johnson,46,5755 Morales Shore,Robertside,Minnesota,40620,42.466201,-47.150883
Mrs. Morgan Jackson,53,34107 Elizabeth Summit,Lake John,Massachusetts,29628,-160.835923,75.7388385
Omar Smith,55,06942 Carolyn Row,Port Craigfort,Massachusetts,43015,-130.640787,17.6875085
Stacy Castro,41,758 Cook Village Suite 829,New Williamville,Delaware,27754,19.527192,-78.586392
Michael Boyer,47,926 Crystal Flat,Port Christopher,Florida,67207,78.697406,59.4439525
Caitlin Dudley,40,1478 Heather Road,Thomasview,Maine,07421,15.329440,-13.159775
Elizabeth Fox,30,2392 Sheryl Trace Apt. 260,East Annemouth,Massachusetts,36345,30.939608,24.498627
Jordan Johnson,63,093 Cruz Islands Apt. 780,Brendahaven,Colorado,15490,39.549762,16.8655985
Zachary Curry,26,059 Contreras Neck,North Devinstad,Oklahoma,13680,123.700657,86.786774
Paula Abbott,78,52396 Harvey Harbors,North Amber,New Hampshire,44431,51.943749,84.5626415
Ricky Rodriguez,63,44460 Lisa Motorway Suite 013,Gatesside,Florida,43351,2.586229,-4.933477
Alicia Sharp,37,7191 Cheryl Landing Suite 908,New Randallmouth,New Mexico,22887,114.231920,-12.760486
Rebecca Evans,66,98866 Todd Green,South Alanfort,Oregon,25450,-82.711559,31.864088
Bernard Randall,20,6113 Smith Avenue,Port Kevin,Tennessee,28933,-11.708668,5.9797225
Kevin Garner,77,578 Judy Road,New Nicholasmouth,Rhode Island,48807,179.200501,-34.357465
Dennis Montgomery,78,67499 Brian Station,Lake Michael,North Carolina,89119,151.374193,60.0583005
Jessica Cortez,59,076 Larson Lock Apt. 125,Port Katherineborough,California,93592,-14.730826,-52.788996
Alexander Robinson,43,9423 Salazar Terrace,North John,Pennsylvania,80496,-53.266753,-79.000509
Tamara Hall,57,382 Michael Stravenue,Lindafort,Indiana,52981,67.491474,36.490447
Anthony Ho,78,9193 Anthony Glen,Lake Mark,Indiana,12841,-11.695727,-71.587574
Andrew Wilson,25,817 Debra Island,Port Jenniferborough,Washington,42928,41.567491,-52.9991195
Jennifer Lewis,34,38114 Charlene Isle,Sydneymouth,Mississippi,87816,-77.676995,-56.035142
Katie Moody,22,16189 Wood Isle Apt. 243,West Erica,New Hampshire,52551,-28.957092,-35.7388675
Erika Howe,18,391 Strickland Pine Apt. 154,Popeburgh,Virginia,49918,77.782722,25.822655
Matthew Sexton,35,586 Christina Highway,Vegaberg,Rhode Island,37513,-16.916541,-60.764401
Katherine Miranda,24,98144 Baker Alley,Lake Tonya,Virginia,84289,-76.262478,-49.7068655
Nancy Smith MD,48,9811 Johnson Drives,Craigshire,Nebraska,20017,28.406718,12.1578625
Megan Sanders,33,00833 Anderson Bridge,Lauraton,Washington,36153,-143.838907,-35.851042
Jessica Johnson,43,18434 Kathryn Cape,Reedmouth,Alaska,62106,-87.402993,-39.5893925
Sara Henderson,35,883 Rodriguez Manors Suite 612,Olsenborough,Vermont,00682,-53.525980,83.262625
Toni Maddox,74,0472 Phillips Bypass Apt. 436,Charlesview,Maine,20089,67.900980,2.5713175
Michael Murray,67,92754 Martin Plains Apt. 962,Port Jaredton,Wisconsin,89093,18.882381,-45.2041995
Joseph Garcia,60,863 Chung Island,North Lindahaven,Maine,05202,158.215477,13.0209925
Paula Hall,40,278 Erika Flats,Port Joseph,New Hampshire,39427,149.718766,49.9622685
Nancy Sweeney,36,83172 Aguilar Crest,North David,North Carolina,16605,92.236874,-22.1922595
Heather Sullivan,21,5798 James Mall Apt. 355,Lake Jessica,Minnesota,58916,-15.251462,50.176687
Mark Baker,21,53485 Mary Island Suite 485,Port Amanda,Iowa,78808,-10.970414,59.8456395
Joseph White,67,23607 Patrick Garden,North Jennifer,Oklahoma,94241,-5.986810,59.552914
Travis Miller,72,985 Richard Via Suite 859,North David,Vermont,27752,-132.160972,45.6273455
Christine Cunningham,34,4735 Hatfield Camp Apt. 133,West Jaymouth,Illinois,24212,-18.654937,-81.958392
Whitney Turner,35,31714 Campbell Glens Suite 786,West Vickie,Louisiana,13937,152.147518,-50.378403
Elizabeth Allen,78,5122 Jennifer Mount Suite 283,Lake Racheltown,Mississippi,71832,-43.430873,-45.989015
Catherine Owens,37,5172 Edwin Roads Apt. 433,North Jasmine,Florida,88385,39.398769,-49.7443845
Kathryn Spencer,78,126 Rebecca Pine Apt. 187,Greenville,Tennessee,29841,-65.140029,48.0731725
Laura Keller DVM,68,9076 Shaw Avenue,East Markland,New Jersey,53402,-160.802885,-46.180080
Rachel Vance,63,1194 Brady Drive Suite 615,Nicholasmouth,Colorado,24193,-138.785094,-24.0867785
William Huff,53,508 Yates Court Apt. 666,East Nathanfort,Oregon,80074,135.143710,8.8218685
Terri Stevens,72,3421 Jackson Junction,East Amanda,North Dakota,47565,-32.943641,-23.1173135
Eric Franklin,35,081 Holland Vista Apt. 151,Lake Christine,Georgia,59992,-162.160533,0.015942
Debbie Gibbs,18,5523 Mendoza Rapid Suite 080,New Johnbury,New York,35762,-67.652224,-20.2863685
Mary Baker,55,8538 Moyer Summit,South Claudiashire,Wyoming,69183,-120.706517,52.7527805
Kenneth Lambert,18,3944 Lindsay Place,New Johnville,West Virginia,38005,55.176166,-61.939247
Andrew Lee,38,0727 Stephanie Plaza Suite 720,Ramirezfurt,Rhode Island,77534,147.302891,-77.9297465
Michael Chavez,52,069 Rogers Glen Apt. 658,South Terri,Mississippi,67639,55.616347,81.0483895
Jose Harris,31,66549 David Crossing Apt. 732,North Benjaminfurt,New Jersey,56489,175.388389,-19.1170835
Elizabeth Nelson,78,57224 Woods Shoals,South Tanyaburgh,Florida,46412,-22.600837,17.8960155
Kara Molina,36,61236 Smith Center,Shawchester,Maine,07869,2.854539,8.799565
Terry Romero,31,0562 Palmer Extensions,Ashleymouth,New York,31866,-156.800184,76.3936265
Patrick Conley,21,5720 Norman Trafficway Suite 889,Ashleyville,Oklahoma,89958,101.690410,-27.547599
Ms. Laura Foley DDS,23,0789 Moore Flat Apt. 568,South Jamesborough,Ohio,73738,168.044950,-36.327028
Allison Shelton,52,4602 Pennington Tunnel,North Kimstad,Hawaii,40650,-105.346482,-5.5951485
Logan Lopez,29,472 Noble Drive,Allentown,North Carolina,17488,27.202131,-26.8123765
Jonathan Nolan,20,89168 Peck Vista Suite 963,Mckenziefurt,Wyoming,60147,70.260964,75.671229
Kathy Patel,55,3146 Rodriguez Summit Apt. 474,South Rebecca,New Mexico,48253,-106.323628,-65.9994355
Anita Taylor,22,6935 Casey Ranch Apt. 963,North Brianview,North Dakota,00554,126.565640,-50.3903385
Melinda Sanchez,80,252 Shawn Turnpike Suite 964,Lake Lisa,Rhode Island,92438,19.692828,-67.0011075
Kaitlin Miller,40,63921 Brianna Underpass,Lake Jamesfort,Michigan,03217,179.887492,76.9784115
Joshua Anderson,51,64701 Alexander Shoals Apt. 566,Lake Robertberg,Arkansas,36792,163.068784,73.206670
Sara Thompson,66,8053 Hernandez Meadows Suite 349,West Kevin,Pennsylvania,36479,34.280767,68.7346175
Candace Thomas,75,49119 Ho Inlet Apt. 709,West Daniel,Maryland,95883,-61.046861,50.472336
Philip Lowe,51,0096 Hill Road Apt. 612,New Christinaburgh,New Mexico,92835,179.893381,82.939676
Gregory Chavez,41,910 Olson Creek,Hornchester,Oregon,01252,-146.671231,46.9691365
Morgan Wallace,61,338 Sarah Springs,Laurastad,Oklahoma,06262,-17.874097,-4.3636705
Elizabeth Mcintyre,76,400 Thomas Club Apt. 453,Port Amanda,New York,81495,-46.297211,-57.3255085
Kayla Jackson,62,900 Brian Forges Apt. 297,Jonestown,Tennessee,01894,62.130204,62.5918895
Glenn Waters,25,5317 Thomas Overpass Suite 960,North Jennafurt,New York,56084,-137.965418,37.067487
Nicolas Oneill,59,644 Paul Flat,Davidfurt,Alaska,31970,112.700212,-45.3531745
Chris Austin,48,03096 Porter Stravenue Apt. 832,Port Brian,Georgia,77850,55.885436,61.2767665
Julia Schaefer,42,084 Erickson Fall,Wheelerton,Georgia,97016,85.386132,79.337788
Jonathan Bradshaw,52,43711 Matthew Ports,Nicholsland,Mississippi,27168,-126.646173,-43.5962055
Jennifer Noble,64,510 Dorsey Haven Suite 316,West Stephaniestad,Colorado,50630,163.863469,57.7099925
Kaitlyn Ray,48,74678 Ferguson Extensions,North Amy,North Dakota,34092,-90.415699,82.751182
Stephanie Day,40,897 Smith Green,Rodrigueztown,South Carolina,15743,-43.316560,-47.0391155
Gregory Moore,66,98531 Rachel Causeway,Linville,Nebraska,43687,70.484839,-2.5078405
Jason Briggs,59,277 Alexis Springs,Lake Jennifer,Pennsylvania,59322,-123.865115,-38.519723
Martin Johnson,26,336 Andrea Fall,New Michaelside,Arkansas,34986,26.527080,-77.0216325
Mr. David Young,61,033 Virginia Well Apt. 155,New Camerontown,South Carolina,93768,-70.400820,-19.3040545
Crystal Estrada,65,3219 Livingston River,Loribury,Nebraska,93314,-88.331855,34.345082
Bradley Stephens,77,5793 Timothy Gateway Apt. 354,New Craigport,Iowa,70660,12.713440,-86.8948705
Timothy Castillo,55,290 Scott Inlet,East Alexa,Georgia,43881,-88.897406,-1.498113
Katherine Wilcox,44,87644 Jones Greens,Christopherhaven,New Mexico,81232,178.738921,22.9414885
Donna Richardson,26,30231 Harrison Fords Suite 778,Jeremiahmouth,North Dakota,02816,90.174012,21.453689
Roberto Warner,50,201 Karen Points Apt. 085,West Billy,Michigan,11920,-106.704632,2.199864
Shelby Gutierrez,72,500 Kelley Parkway,Loganbury,Georgia,24405,48.967681,43.4962675
Brandi Cruz,69,16635 Tiffany Lake,East Brian,Utah,26217,-46.748295,-4.211620
Jennifer Woods,58,661 Sanchez Radial,South Kaitlinport,Kentucky,39095,118.221284,-58.9981495
Keith Jones,25,562 Patrick Fall Apt. 572,Victorfurt,Mississippi,84930,20.150922,-32.726247
Tiffany Nguyen,39,8292 Justin Underpass,Espinozaport,New Mexico,71993,-29.936018,-66.715409
Jon Long,73,29342 Jones Points,Schultzside,New Hampshire,41107,-105.298107,-43.3784505
Kenneth Thomas,66,3572 Torres Mall,North Ricardo,Georgia,29247,-78.745714,27.534120
John Washington,47,925 Rogers Neck Suite 504,Lake Michael,Mississippi,57847,72.064591,-52.3239875
Aaron Walter,22,3611 Mccoy River Apt. 673,New Kevin,Alabama,95555,39.470931,-44.4718395
Crystal Palmer,20,35485 Campbell Path Apt. 729,Ashleemouth,Alaska,57808,-23.830912,39.866558
Heather Estrada,61,391 Joshua Glen,Douglasshire,Rhode Island,81841,161.918684,-89.931221
Derrick Sanchez,38,508 Austin Tunnel Suite 646,Michaelhaven,Alabama,21715,178.522031,50.886996
Joel Guzman,18,2218 Megan Avenue,Lake Stephen,Missouri,96265,17.525800,9.407275
Gina Baker,28,341 James Summit,Lake Omarland,Pennsylvania,87928,-89.853881,-55.7979345
Robert Carter,54,14575 Grant Place,Andersontown,Tennessee,15721,-42.865378,87.801531
Diana Burton,72,00793 Burke Squares Suite 845,Bobbyside,Kentucky,20797,72.895357,-38.0068965
Jane Norton,19,2592 Lewis Summit Apt. 018,West Ronald,Connecticut,64476,8.756272,-12.3453005
Taylor Davenport,32,57907 Smith Land,New Troy,New Mexico,40109,109.795796,-47.1343525
Elizabeth Johnson,60,457 James Village,Lake Tony,New York,12045,-166.732594,12.525346
Charles Boyd,78,9800 Michael Ford Suite 405,Port Tammyview,Tennessee,20965,152.014020,82.1407315
Linda Moore,50,94349 Patricia Rue Apt. 157,Melissamouth,Hawaii,32921,-137.276205,-27.733156
Michelle Martinez,27,3412 Kevin Avenue Suite 152,Lake Lynn,Wyoming,80444,-55.918703,-43.5522295
Timothy Williams,42,314 Joshua Key,New Catherine,Arkansas,44548,109.787380,88.9250205
Joshua Cruz,41,496 Kurt Corners Apt. 010,Lake Coreystad,Kansas,32023,-100.312865,-89.4456615
Michael Montoya,54,5886 Sheila Place,New Joseph,Pennsylvania,31674,134.307044,65.904076
Luis Williams,59,166 Emily Harbor,South Kellystad,Connecticut,04702,-155.706903,-16.8364395
Kelsey Thompson,44,580 Robert Pine,Masonmouth,Nebraska,60312,-69.986946,-60.1971705
James Hodges,66,596 Lawson Wall,North John,Wisconsin,06527,56.423116,39.654592
Cheryl James,64,7082 Karen Junction Apt. 966,Joshuaview,Alabama,31547,-139.332426,-68.507684
Joanna Becker,68,48435 Thompson Rue,Michaelchester,Missouri,82603,134.322473,-50.0884995
Brian Taylor,60,8104 Lauren Roads,South Jennifer,Colorado,38094,-56.035330,-80.4694695
Jessica Oneill,26,64411 Benjamin Oval Apt. 050,South Shelby,Colorado,41838,74.177970,-46.2309235
James Martinez,43,903 Roberts Shoals Suite 461,Greenfurt,Nevada,53383,-94.532605,-72.775031
Carolyn Nelson,51,718 Martin Wells,South Rachelshire,Utah,95501,80.882189,-58.818192
Timothy Ortiz,44,53153 Justin Branch,Boothhaven,Alabama,40244,49.962720,-56.130492
Cassandra Myers,66,84151 Brenda Stravenue Suite 024,West Karenview,Alabama,83219,-69.060029,64.680687
Natasha Hines,23,97465 Rodriguez Ranch,West Nicholas,Nevada,55569,-25.016237,11.1877195
Alexa Gonzalez,66,07055 Hunter Alley Suite 420,Shelbyville,New Jersey,58799,7.762512,-57.8780735
Erica Robertson,47,30702 Brown Club Apt. 313,Martinland,Wisconsin,15536,99.175625,-20.4440995
Gregory Nunez,63,0164 Janice Freeway,Williambury,North Dakota,64396,-70.594026,62.357969
Tonya Alexander,68,20647 Bryce Locks,Mahoneyfort,Colorado,09006,68.229945,-79.037903
Nicole Griffin,75,997 Cathy Lock Suite 646,Justinville,Montana,50687,-84.738261,74.8231705
Ms. Stephanie Bentley DVM,66,461 Stark Orchard Apt. 549,South Anita,Hawaii,28277,-153.168247,49.0319035
Joshua Morales,69,556 Shane Trace,New Michael,Kentucky,03076,-61.931462,-17.6351295
Richard Decker,29,7131 Bryan Village,Travisland,Hawaii,30584,24.083314,77.7703855
Patrick Greer,68,98451 Livingston Manor,Aaronstad,New Mexico,59004,144.350278,-37.1609755
Kimberly Nguyen,41,459 Thomas Rapids,Port Jamesfort,Alabama,05600,7.555735,10.6529205
Devin Love,25,732 Stafford Glens Apt. 632,Millerberg,Wisconsin,24216,-79.061376,10.9516885
Brian Hill,56,48436 Douglas Shoal,Brownland,North Dakota,49985,77.306934,24.3161195
Jason Kennedy,50,40679 Wright Harbor Apt. 062,Jenniferberg,Mississippi,74445,-13.405326,79.2780475
Marcus Meza,36,00352 Rodriguez Pike,Nicolehaven,Massachusetts,89685,159.485393,-18.7040835
Elijah Benson,54,4044 Lee Lake Apt. 582,Lake Richardberg,Massachusetts,99281,117.838118,57.3176985
Lindsay Lopez,64,36879 Ashley Isle,Jaredport,Oregon,17594,-79.689597,-55.451673
Mr. Christopher Berger DVM,45,00916 Lawrence Stream Apt. 994,Vanessaport,Wisconsin,15164,15.541415,80.978076
Laura Stokes,20,666 Katelyn Shoal,Taraborough,Nevada,19485,37.227733,-17.1741425
Scott Bauer,61,6773 Lowery Field Apt. 907,New Kyleburgh,Massachusetts,15705,-122.201922,-4.502112
Mary Lee,47,2140 James Curve Suite 865,East Adrian,Indiana,50373,14.859282,31.294049
Catherine Fuentes,54,41863 Morales Knoll Suite 315,Jasonburgh,Mississippi,69737,-7.819359,7.057697
John Diaz,70,108 Michelle Rest,North Maria,Missouri,18398,162.212900,39.1368515
Mason Williams,41,9935 Wilson Inlet,Port Michaelfort,Missouri,83189,109.105010,80.750889
April Delgado,73,6532 Glass Road Apt. 841,Kimberlyhaven,Indiana,37832,-77.343229,-61.327976
Samuel Swanson,59,7240 Bass View Suite 965,North Annahaven,Arizona,93492,120.270846,-80.3917605
Michael Rush,62,49705 Stuart Loop,Lake Rhonda,Nevada,17285,0.716579,-49.5526655
Olivia White,80,1937 Ellison Port,Jennifertown,Kentucky,70658,-29.275370,-25.077522
Wendy Ward,44,643 Wong Valley,East Lisa,Vermont,69172,-73.782384,-86.1911895
Valerie Stanley,73,636 Lee Vista Apt. 055,Sylviaburgh,Idaho,51644,143.025070,44.1556845
Erika Liu,72,2863 Barrett Turnpike Apt. 912,Ethantown,Nebraska,32299,-89.325971,75.7241465
Brandon Salazar,69,95310 Murphy Street,Torresberg,Massachusetts,45023,74.554281,-54.6642685
Vanessa Reilly,25,208 Walker Village,Averytown,Idaho,34150,167.619753,-77.697891
Brian Williams,42,098 Daniel Junctions,Jenniferberg,South Carolina,29663,-88.589381,36.391210
John Rodriguez,63,875 Soto Path,Arielstad,Wisconsin,13310,-171.220092,59.532798
Jacob Travis,72,995 Philip Grove Suite 428,North Larryshire,California,82382,97.098855,-82.2720265
Susan Johnson,65,383 Sean Island Suite 644,Taylorshire,Arizona,46439,-75.232084,-55.5893265
Heather Johnson,24,56972 Rodriguez Ferry Suite 429,North Jerome,Connecticut,72846,111.556231,-44.081823
Edward Moore,25,2739 Michael Land,South Dylanland,Delaware,01522,-117.950695,44.835467
Anthony Walker,73,05204 Gary Rapids Apt. 227,New Jillville,Mississippi,87071,134.171470,20.343484
Nathan Solis,37,288 Diaz Ranch Apt. 172,Mannfurt,Massachusetts,90575,-0.049904,86.830164
Travis Edwards,29,0167 Brandon Wall,South Juliaborough,Kentucky,41483,-158.107386,81.6820315
Paul Rodriguez,70,0508 Flores Village,New Nicholasport,South Dakota,82535,175.863189,30.3797535
Laurie Perkins,63,844 Jennifer Spur Apt. 379,Hughesshire,Arkansas,75354,-96.719276,26.284632
Lisa Serrano,60,0567 Marc Pike,East Monicaland,Tennessee,09348,102.539147,17.9063965
Carly Spencer,28,0753 Valentine Viaduct Suite 765,New Dennisfurt,Georgia,08496,83.425960,-43.804961
Brian Bell,72,839 Sean Hollow,New Ashleymouth,North Carolina,74781,47.090491,-74.188974
Cody Foley,63,00533 Cole Estates Apt. 504,Lake Michael,Florida,08431,-57.794245,-61.969506
Victoria Smith,31,1528 Goodman Spurs Suite 150,South Mary,Vermont,45594,-98.536940,-56.248988
Michele Bates,77,99783 Lee Burg,Matthewview,Pennsylvania,38535,15.346472,-26.1588005
Darius Thomas,28,4198 Mejia Mill,Stephanieland,Maine,41724,68.484569,-40.5240575
Nathan Deleon,59,539 Zachary Motorway Apt. 209,North Victoriaton,Michigan,07520,-109.792468,29.018790
Erica Lester,36,34679 Smith Expressway,Johnview,Delaware,06669,-165.141885,20.339627
Adam Cannon,37,08460 Madeline Drive Suite 175,Ericfort,Montana,36097,65.748789,46.4896395
Austin Ward,61,341 Sandra Shore Apt. 174,Phillipberg,South Dakota,11901,-8.930685,37.761625
Jeffrey Wilson,38,423 Jones Place,Fisherburgh,Utah,52079,14.128686,-63.3491095
Cynthia Foster,40,06643 Gibson Knoll Apt. 621,New Dwayne,Nebraska,84961,172.495579,-48.403332
Dennis Lee,69,429 Scott Squares Suite 034,North Audrey,Louisiana,04196,-46.538634,63.548635
Jocelyn Buck,32,06556 Evans Key Apt. 252,New Debbieburgh,Rhode Island,52297,-115.955641,50.8396695
Heather Melton,67,9905 Mitchell Wall,North Michael,Georgia,84274,59.989141,56.5035705
Joseph Osborne DDS,38,1523 Mackenzie Island Suite 036,Lake Robert,Arizona,36290,69.378442,31.539502
April Brown,79,1869 Stanton Points,Alexanderland,Missouri,98839,-154.184411,65.761016
Thomas Adams MD,30,4461 Hess Dam,Glassborough,Minnesota,05828,18.893948,31.933031
Tammy Norris,74,493 Marshall Manor,Port Jeremy,Connecticut,74391,-45.541859,-78.2649965
Beverly Wyatt,46,6674 Sheila Squares Apt. 812,Alanside,New Mexico,17513,-97.436267,89.434109
Eric Jacobson,23,98754 Christina Camp,Taylorchester,Mississippi,49404,-113.395296,27.669124
Michael Dixon,71,86283 Smith Harbor,Phillipsport,Virginia,08873,-7.777496,-52.294247
Lori Bradford,60,55746 Reid Lights Apt. 077,North Christopherchester,Oklahoma,45406,-82.003489,-9.8637745
Mallory Brown,19,4995 Miller Orchard Apt. 183,North Josephburgh,Mississippi,41477,148.206507,83.650189
Brandi Mason,48,19706 Sharon Cove Apt. 953,South Melissamouth,Nebraska,67650,-74.765000,-86.1208475
Daniel Mcclure,48,4343 Ellen Prairie,Alvarezchester,Rhode Island,47931,-17.077569,-35.891283
Megan Riley,28,65158 Martin Ford Suite 823,Loganmouth,South Dakota,40708,58.224851,-7.3176865
Virginia Gonzales,63,3441 Goodman Stravenue,Lake Michelle,Tennessee,71067,120.628750,55.095045
Matthew Dyer,27,8566 Michael Causeway,Port Morgan,Kansas,51070,38.274396,-78.3755905
Ashley Williamson,76,9078 Walters Village,New Emilybury,Kentucky,83465,-55.249487,-5.309852
Julia Sanders,38,97056 Jensen Fort,Williamschester,Colorado,69455,-119.193762,-53.851235
Eric Chavez,26,24143 Reid Skyway,East Michaelfort,Georgia,24802,-179.242911,81.305775
Frank Rodriguez,41,330 Hale Isle,Markmouth,North Carolina,67787,-175.336147,15.731263
Taylor Howard,72,063 Smith Flat Apt. 159,New Brendaton,New York,65360,132.634512,56.7295285
Julia Rodriguez,37,71667 Franklin Mission Suite 590,Amandafort,Nebraska,64256,85.731800,-50.6260185
Ashlee Mitchell,36,58572 Carrillo Canyon,Porterborough,Maryland,32822,-97.173975,33.4892745
Julie Lee,32,54609 Kayla Mall Apt. 127,Lake Mark,West Virginia,74890,77.822038,-51.202059
Tiffany Castro,68,2189 Mcguire Inlet,New Christopher,Michigan,13867,-111.641758,-83.156822
James Morrison,52,66232 Blake Shores,Denisestad,Maryland,71679,131.837916,72.994413
Samantha Gonzalez,36,528 Rowland Forks,South Michaelside,Missouri,04554,-165.052674,86.012077
Michael Barker,66,55098 Patrick Lodge Apt. 378,West Jessemouth,Vermont,00856,-42.288347,-30.9118195
Mary Cruz,59,043 John Wells Suite 921,West Natalieside,Maine,93993,111.548952,-55.525482
Jamie Taylor,44,140 Avila Ranch,South Lindsey,Nevada,09985,136.383263,9.6660425
Eric Mitchell,46,622 Herrera Fords,Port Kristinafurt,Nevada,78895,68.868993,59.791840
Jonathan Robinson,72,050 Norma Rest,Michelleland,Arkansas,10936,1.758102,39.219560
Miguel Bray,61,097 Thomas Walks Suite 349,South Lisafurt,North Dakota,60133,62.831001,-20.453263
Matthew Hines,68,7776 Debbie Isle,Perryton,Indiana,74160,136.503217,-17.438384
Brittany Lewis,29,73041 Adams Canyon Suite 993,South Robert,California,25673,68.070108,33.2759675
Mark Riley,66,451 Johnson Point,West Douglasbury,Nevada,62237,-68.995247,55.718992
Mary Lambert,73,672 Alyssa Lodge Suite 714,Randallside,Idaho,58709,-129.584200,-76.684954
Taylor Petersen,27,39002 Callahan Pines Suite 138,New Daniel,Wisconsin,60931,-9.617258,68.078022
Danielle Jones,67,106 Scott Harbor Suite 596,South Brian,Illinois,27539,-122.970840,-1.971434
Susan Williamson,50,67091 Pugh Ports Apt. 358,Lanetown,Connecticut,31968,4.392801,23.590467
Sara Carter,38,3166 Joseph Estates,East Anthony,Alaska,35624,64.036757,12.7118775
Dawn Pacheco,27,43771 Terry Mountains Suite 219,South Ashleyburgh,South Dakota,48758,34.058864,0.138560
Ashley Foley,57,77110 Michael Rest Apt. 499,New Melissaborough,New Hampshire,90587,-27.380712,-34.2636445
Robert Craig,58,91249 Andrea Groves,Kathyland,Oregon,19552,40.585272,-36.800365
Todd Oliver,71,4124 Erica Expressway,Williamsmouth,Tennessee,64517,169.530134,10.698539
Brian Lee,76,14835 James Stravenue Suite 760,Kaitlynmouth,Nevada,01685,-20.270958,-76.6625355
Amanda Watkins,74,7849 Robert Valley,North Carrie,Montana,18049,-47.030993,44.2094245
Teresa Deleon,73,8452 Curtis Branch Suite 071,West Carrieton,Nevada,35950,139.578225,87.776457
Breanna Mcpherson,67,6136 Garcia Cape Suite 345,East Alexander,Ohio,18435,107.806235,64.719259
Erin Patterson,37,9368 Amy View,South Timothychester,Nebraska,88563,-144.793358,85.2422125
Margaret King,57,8776 White Roads Apt. 044,Stephenshire,South Carolina,04680,-52.209040,50.5195355
Jordan Williams,50,610 Jenkins Wall Apt. 427,Christopherview,Mississippi,52458,61.764260,64.107358
Lisa Price,35,67925 Johnson Cove Apt. 679,Port Lori,Kansas,66734,-158.630961,-18.0850415
Joshua Alvarez,67,70387 Hodges Hills,Archerside,Hawaii,91759,-50.664723,1.8716545
Robert Gallagher,20,976 Daniel Dam,Brandonshire,West Virginia,93225,-174.068663,13.2740855
Patricia Soto DDS,57,1486 Tate Shoals,South Laurafurt,Hawaii,95345,167.462486,56.969556
Kimberly Gray,73,1675 Alvarez Burg Suite 904,Hannahberg,Wisconsin,92947,-140.343891,34.094278
Melissa Miller,46,2871 Jeremy Mission,Kristenshire,Massachusetts,49323,41.627049,83.497524
Mary Mckinney,61,5169 Matthew Viaduct Apt. 988,New Jasonbury,Connecticut,67727,-116.067428,-4.6962035
Daniel Ballard Jr.,48,568 Chan Wall Apt. 797,Michelleland,West Virginia,96245,-63.174656,-12.4391125
Monica Burgess,73,3232 Victoria Roads,Lake Rebeccachester,Hawaii,62573,29.009267,43.0945505
Michael Hancock,77,879 Miller Fall,Cookberg,North Carolina,62306,73.887553,-60.705957
Herbert Gibson,76,583 Carroll Roads Suite 468,New Kimberlyland,Alabama,52370,-115.977909,-26.662926
Sonia Gordon,58,95020 Robertson Avenue,Theresaland,Utah,73090,-80.744969,-65.141356
Jonathan Dorsey,24,693 Christopher Bridge Apt. 972,Gallowayport,Minnesota,97761,-26.866557,-6.0184045
Jason Huerta,24,2240 Joshua Parkways,Waltonstad,Kansas,63698,34.059502,-16.7399935
Stacy Monroe,37,0290 Abbott Coves Apt. 933,Mathistown,West Virginia,92781,-171.961828,-16.586873
Sara Mcknight,28,1298 Michael Path,Lucashaven,Indiana,16504,-119.361088,17.021041
Colleen Rice,66,5926 Victoria Isle,South Amanda,Oklahoma,67338,-107.010832,-73.803345
Alexis Day,39,565 Schwartz Squares,West Sharon,Vermont,07521,56.739055,64.386029
Lauren Singleton,69,2169 Roth Circles Suite 277,Mullinsbury,California,71995,-88.789284,-51.5179655
Robert Rivas,37,1067 Alexis Cape Apt. 031,Lunastad,Nevada,89808,-80.024756,-36.156737
Matthew Garrett,59,3781 Rodgers Course,North Glenn,New York,53843,43.704083,-10.569165
Richard Gonzalez,76,10757 Jennifer Expressway Suite 583,North Stephaniechester,California,11145,-21.535838,55.100885
Julia Hubbard,40,1241 Russell Mount Suite 169,Lake Carlos,Hawaii,86923,-136.297431,-77.492822
Anna Martin,62,91377 Andrew Plaza,Bullockfort,West Virginia,67239,178.076941,87.373643
Angela Johnson,48,0518 Perez Skyway Apt. 404,Port Rachel,Washington,80585,175.391712,31.367593
Elizabeth Andrade,67,20038 Garcia Common Apt. 614,South James,Texas,05595,174.228579,-40.517343
Pamela Greene,65,7671 Jared Gardens,Silvaside,Georgia,81071,122.863154,-16.413735
Angie Garcia,41,4558 Leach Pines Suite 162,Brownmouth,Massachusetts,73629,-86.278478,-28.747170
Lynn Hendricks,21,0834 Blevins Circle,South Kimberly,Florida,43786,0.711890,-46.3523505
Christy Melendez,31,6370 Gray Village,Port Eric,West Virginia,04388,44.897739,64.218658
Larry Bray,30,54698 Jeremiah Landing,Williambury,Illinois,72708,103.207385,-49.031848
Lori Nguyen,66,8785 Cynthia Hills,Port Carolyn,Nevada,21925,8.933903,-69.5657415
Amber Ross,40,600 Reilly Knolls Apt. 194,Port Kevintown,Oklahoma,31434,122.257272,46.262933
Ashley Acosta,47,434 Smith Ferry,West Jason,Texas,26143,-5.583736,32.252389
Richard Tucker,51,068 Davis Circles,Susanshire,New Hampshire,12950,85.544696,-52.576383
Kathleen Wilson,73,0942 Lynn Cape Apt. 514,Justintown,West Virginia,39878,101.007670,-56.708603
Thomas Hansen,37,025 Wilkins Inlet Suite 590,Amyburgh,Rhode Island,90070,-94.200137,54.4782445
David Hamilton,60,4105 Smith Bypass,Larsenburgh,Tennessee,14713,-75.450548,-79.7830575
David Rogers,59,35425 Jeffrey Crest Apt. 045,Vincentborough,North Dakota,18557,121.583101,-19.567093
Kimberly Morris,70,4344 Gomez Gateway,Charlesshire,Louisiana,18204,142.355140,57.4416535
Destiny Buck,75,50969 Harvey Forges,East Tara,Idaho,03868,-70.012280,-5.599172
Jonathan Carroll,69,6127 Hawkins Mall,South Rebecca,Minnesota,97092,-56.522981,-85.745321
Alicia Gray,23,1464 Francisco Place,Snyderfort,Washington,03629,-6.647636,22.327923
Tonya Carr,59,3681 Clark Centers,South Sheila,New Jersey,82741,-104.759332,-44.6005585
Rachel Marsh,20,579 Hughes Valley,North Stevenburgh,Missouri,93226,-82.204079,-42.1960345
Tonya Anderson,72,2464 Chavez Union,South Amandashire,Massachusetts,23159,169.874745,64.846797
Rebecca Curtis,27,8648 Brandt Island,Port Carlhaven,Ohio,71868,-6.369886,-14.886273
Francisco Rodriguez,31,3559 Angela Ferry,Port Robert,New York,68177,-162.451519,-83.817678
Mike Murillo,19,62340 Floyd Canyon,North Bernard,Iowa,40393,33.159929,0.003979
Darrell Callahan,76,5383 Marcus Shore Suite 454,Mcdowellland,South Dakota,77711,-34.651330,-4.498961
Jessica Brown,42,9553 Robert Gardens,Zacharyton,Utah,76715,-11.301916,-10.866948
Jeremy Brown,31,54708 Stacie Terrace,Lake Curtis,New Jersey,27872,57.210402,51.7101585
Joshua Combs,55,66513 Monica Garden,Juanfurt,Nevada,29808,-138.173582,-53.482217
Kelly Ford,63,0224 Oneill Glen,East Jennymouth,Arkansas,96707,-154.276138,-16.6078425
Michael Hernandez,62,7038 Thomas Radial Apt. 618,Natashaburgh,Rhode Island,28242,179.667678,22.391660
Susan Moss,31,47823 Holmes Crossroad Apt. 820,Port Denisefort,California,18127,-27.390114,-77.233378
Karen Dyer,26,83806 Miller Tunnel Suite 182,Johnside,North Carolina,97128,-13.349270,61.0453635
Brittany Brown,44,282 Michael Street,Port Timothyside,Colorado,78383,38.124917,-39.0655965
Kenneth Cruz,64,4647 Lopez Branch,Leviland,Hawaii,97688,67.319578,-28.051818
Erika Bennett,50,54131 Anne Fork,New Robertborough,Michigan,73318,-13.653066,45.5185335
Jason Silva,48,36909 Joel Isle Apt. 667,North Andrew,Florida,65484,-87.894327,-70.2261405
Stephanie Preston,40,4464 Morgan Fork Apt. 451,North Katieshire,Colorado,68616,-75.574100,49.3602235
Gabriel Nielsen,62,7256 Moran Ridges Suite 442,Port Donaldside,Idaho,75948,-70.999888,-27.005945
Walter Lara,48,451 Angela Mission,Joannamouth,Montana,61007,-106.595724,34.438428
Willie Wilkins,50,55391 Perez Fork Suite 738,North Hannah,Delaware,42307,160.533725,-73.670115
Tamara Murillo,51,005 Lindsay Parkway Apt. 956,Watsontown,Delaware,01327,-145.144705,40.1908655
Christopher Lopez,77,45932 Strickland Divide,West Brenda,South Carolina,21549,26.583632,83.0754625
Teresa Hoover,21,3952 Bradley Mountain Apt. 288,Turnerburgh,Kansas,18791,-151.394275,20.317411
Regina White,49,765 Amanda Roads,Lake Christopher,Connecticut,01532,-161.496312,11.445827
Michael Walker,69,081 Jessica Rest Suite 143,East Sherryborough,Maryland,96682,47.663748,-72.9784625
Amy Harrington,18,67232 Brandon Place,Pageton,North Dakota,35492,-108.479616,-46.0964385
Martha Clark,56,94517 Edward Orchard Apt. 428,Steintown,Michigan,98469,-54.937417,10.1740175
Nicholas Valdez,36,17150 Mcclain Ranch,Michaelfort,Iowa,45401,76.398360,85.1711735
Steven Price,46,5205 French Summit,Richardfort,Georgia,78481,-111.011716,-12.3507595
Tyler Lewis,64,93711 Shaffer Throughway Suite 258,Malikfort,New Mexico,51835,115.877025,-21.953524
Stacy Martinez,76,46384 Laura Overpass,Cummingsport,Alaska,34724,165.230841,16.484821
James Hughes,29,387 Louis Ville,Lake Seanbury,Massachusetts,76580,-89.967510,-22.688193
Gregory Boone,58,276 Andrea Extensions Apt. 070,Port Tanner,Florida,44093,2.949788,25.6491825
Kelsey Thompson,37,671 Miller Lodge,Jamesland,Nevada,10990,87.405939,-3.349940
Ashley Mullen,22,3382 Robinson Ranch Apt. 010,West Codystad,South Carolina,16126,-169.094368,20.160448
Robert Davis,78,647 Cardenas Rapid,Port Sydney,Hawaii,39198,139.255067,-68.180799
Joan Gray,72,099 Jaclyn Station,Caseymouth,Ohio,18313,-15.825311,-87.2057675
Jim Price,55,8709 Sarah Lock,Coxside,Utah,46781,-120.172335,17.270303
Kyle Owen,74,219 Randall Forks Suite 403,South Heidiport,Ohio,66570,-60.116490,-75.487088
Christopher Lewis,75,912 Page Fork Apt. 580,South Misty,Kansas,65526,-149.753444,87.425281
Lauren Stewart,63,167 Scott Overpass Apt. 285,Maxwellfort,Connecticut,23015,-11.097918,2.1550525
Robin Fisher,40,273 Miller Garden Apt. 303,Jessefort,Texas,02229,88.742035,54.1999765
David Hopkins,69,28209 Jones Estates,New Richardtown,Vermont,99821,-49.361654,22.6825875
Angel Allen,28,53292 Hansen Drives Apt. 223,Fowlerview,California,87978,129.015593,-75.8535915
Elizabeth Grant,78,75996 Hannah Crest Suite 965,Sanchezmouth,Hawaii,31925,-116.555392,-35.878300
Henry Wright,41,157 Aimee Light Apt. 454,East Jason,Michigan,49733,84.138544,-87.537716
Michael Barnett,78,165 Timothy Flat Suite 959,Erikmouth,Georgia,76659,146.854953,38.2436475
Sean Barnes,35,1991 Patrick Spring Apt. 648,South Alice,New Hampshire,11724,51.180884,-55.8482125
Shawn Murphy,73,6194 Kimberly Loaf,North Ericchester,California,14386,18.700506,-13.093540
Larry Richardson,63,10490 Perez Pass,Port Michael,Ohio,03144,-93.877674,-27.589749
John Vazquez,54,06204 Reginald Terrace Suite 339,South Taylor,Oregon,65504,134.419477,-8.853187
Matthew Garza,59,3505 Richard Glen Apt. 195,Jessicaside,Florida,55010,-143.056314,15.7495975
Mr. Brandon Torres,18,9680 Jesus Mall,North Deborahchester,Alaska,17586,-38.130074,70.493084
Kristine Williams,37,052 Justin Squares Apt. 048,East Meganburgh,Texas,60665,-76.641930,70.8156915
Dennis Oconnell,69,56219 Karla Brook,East Joshuaside,Illinois,71169,148.013778,-1.4676145
Richard Lewis,53,318 Brian Pine Suite 622,Jonathanfurt,Alabama,89473,5.650525,-85.502627
Samuel Taylor,74,95726 Aaron Harbor,New Kellyton,Kentucky,62721,-168.984974,86.613261
Jesse Jones,42,07364 Margaret Grove,Mccoyfort,Florida,97967,-112.814825,74.7757775
Cathy Robinson,77,624 Ramirez Branch,North Matthew,Tennessee,73835,136.792533,17.353870
Charles Stephens,61,870 Christie Inlet,Lake Amyhaven,Hawaii,70218,-108.143721,-60.7725275
Chelsea Patel,69,29399 Avila Course,Port Catherinebury,Wisconsin,11267,165.908071,-57.5292855
Matthew Smith,23,354 Wilson Place Apt. 141,Ryanburgh,Alabama,63900,174.900744,6.345688
Erin Donaldson,61,58156 Troy Brooks,Mckinneybury,Vermont,25155,-156.670788,14.4892775
Bruce Reese,19,46657 Smith Curve Suite 189,West Robin,Kansas,25263,-152.092688,-67.1445345
Ryan Brown,60,33954 Natalie Lock Apt. 061,West Joshua,Delaware,08642,107.996036,-21.255345
Angel Steele,49,7526 Monica Point,Gregoryfurt,Iowa,34774,177.253879,-62.118729
Wendy Ramirez,36,66992 Melissa Hills Suite 231,Johnsonbury,Wyoming,00514,-83.916666,84.2143165
Sarah Adams,21,65205 Robert Lodge,Lauraton,New York,47648,-91.939243,-40.5932135
Stephanie Collier,41,75083 Amy Glens Suite 388,Zacharymouth,Arkansas,18153,-146.522283,-21.2350435
Alexander Thompson,23,511 David Trail Suite 728,Robinsonside,Mississippi,03371,-72.902173,5.0196055
Steven Rogers,74,9794 Simon Vista,North Anitaburgh,Maine,27713,131.807860,-61.438279
Jacqueline Martin,73,99573 Holly Pine Suite 501,West Joanna,Kansas,66892,97.953522,30.241313
Walter Powell,43,2379 James Bridge,Lake Emily,Ohio,47459,-116.066608,39.8779305
Michael Brown,30,28200 Patricia Alley Suite 744,Tranland,California,43986,32.001745,85.811660
David Riddle,53,9803 James Mission,East Sandraport,Mississippi,63206,168.377756,63.246911
Danielle Knight,41,69121 Kayla Lakes Suite 100,Garrettburgh,New Mexico,52161,10.659348,-46.8593445
Lori Mcconnell,62,39943 Joshua Avenue Suite 732,East Sarah,New Mexico,41456,93.328218,28.766373
Sarah Nash,29,3274 Carol Center Apt. 811,Millerfort,North Carolina,24876,128.336439,-40.4665555
Jessica Williams,50,7241 Donald Well,Lopezbury,Oregon,29148,18.264752,53.413568
Robert Bailey DDS,72,8646 Brian Ridges,Ashleyhaven,Louisiana,96019,-175.130955,6.704567
Matthew Mccann,67,6079 Ellison Pines Suite 859,Foxland,Oregon,85579,99.168763,-23.4029915
Kylie Green,78,76688 Gomez Squares,East Davidborough,New Mexico,42090,92.534411,-73.0707975
William Park,78,985 Campos Court,Ericburgh,Washington,46425,13.546750,5.4551355
Robert Mccullough,40,36944 Robertson Mission Apt. 716,Hilltown,Georgia,88274,-84.435901,49.9054885
Mrs. Erica Johnson,32,31049 Kyle Isle Suite 217,Sanchezshire,Kentucky,34596,103.018620,66.788303
Melissa Smith,49,989 Holt Shore,Bryanbury,Pennsylvania,70724,-28.150436,-22.939647
Richard Nelson,28,285 Murphy Valley Suite 804,Kennethchester,Delaware,37064,-35.028790,37.0877145
Bobby Allen,21,458 Danielle Drive Suite 209,Port Melissahaven,Kansas,67599,155.721782,-5.5898355
Kayla Davis,36,67766 Reynolds Street Suite 296,East Samuel,Colorado,67013,179.470245,48.463095
Anna Bowers,36,003 Moore Keys Suite 711,Catherinemouth,Nebraska,75784,65.922983,39.267166
Jill Dalton,61,985 Michael Gateway Apt. 359,North Robert,New Jersey,09303,-171.930547,-14.3053015
Christopher Austin,20,216 Kenneth Manors,Saundersbury,Alabama,16053,-33.560446,24.9842515
James Joyce,24,031 Dustin Shores,New Jessicaview,Alabama,17316,-10.795971,7.6147215
Margaret Clark,36,823 Katherine Knoll Apt. 741,New Shannon,Washington,52414,-104.437500,85.0237075
Tina Taylor,33,87653 Best Isle Suite 150,Craigfort,Kentucky,32622,56.221038,89.508404
Andre Meyer,60,31420 Monica Branch,Antonioview,Vermont,89404,20.931743,87.923786
Joshua Mckay,71,989 Laura Park,South Jodihaven,Maryland,65012,-27.345688,45.466333
Michelle Graham,21,927 John View Suite 979,North Kimberlybury,Idaho,29716,-151.171705,-88.5098735
Jacob Sanchez,33,515 Welch Streets Apt. 470,Taylorborough,Kansas,40532,50.373139,19.875453
Linda Carter,68,08481 Rebecca Wall,Randyview,Oregon,26477,139.524773,-23.694637
Jeremy Ibarra,74,354 Collins Loop Apt. 698,East Adrianamouth,Oregon,71829,-153.219878,-82.314993
Tracy Alvarado,51,61179 Davis Crossing Apt. 164,Phillipfort,Georgia,17459,-92.965311,-13.980927
Michael Welch,63,0989 Roberts Gateway Suite 406,West Kellymouth,Florida,20684,34.673492,-57.7057925
Joseph Travis,36,2787 Christine Loop Apt. 201,Annbury,Ohio,07318,-156.732569,-47.1905735
Mary Long,79,3412 Blake Bypass,Hernandezland,New Mexico,73417,-47.849144,-52.7772385
Jade Turner,48,4399 Dixon Plaza,West Dianeview,Louisiana,57124,120.999717,-89.136408
Marisa Harris,61,9017 Klein Meadow Suite 883,Raystad,Virginia,74164,-39.663234,39.303054
Trevor Adams,20,97022 Montoya Inlet Apt. 350,Matthewburgh,New Mexico,60638,178.948997,-3.5322735
Karen Schwartz,45,297 Jerry Hollow Apt. 096,South Danielleshire,Mississippi,68446,-27.502237,62.8639125
Beth Mitchell,32,591 White View Suite 098,New Angelastad,Delaware,96053,54.370602,37.0510565
Rachel Marquez,59,713 Patrick Station Suite 931,West Gail,Hawaii,17036,54.583302,31.720560
Amy Roth,74,1105 Cynthia Light,Justinville,Idaho,99087,-48.923222,-2.0079815
Lauren Christian,49,253 Christopher Green,North Edwardland,Minnesota,05271,150.409990,4.471376
Mark Anderson,74,2041 Bryan Locks Apt. 254,North Andrew,Alabama,99148,27.345168,24.781942
Ronald Evans,60,505 Jose Drive,Taylorstad,Arkansas,49254,-133.994450,77.3021165
Michael Mullins,34,211 Julian Plains Apt. 998,Wendyfort,California,31689,39.898726,-56.1771925
Michelle Garcia,57,73191 Wyatt Green Apt. 233,Mooneyside,Michigan,17539,133.570591,-50.497340
Jeremy Liu,75,4369 Perez Islands Suite 249,Port Sarah,North Carolina,86518,60.367396,44.3308935
Anthony Church,30,612 Cathy Ferry Suite 917,East Gary,Kentucky,10264,-33.921550,-88.3843855
Tiffany Morgan,58,537 Schultz Center Suite 217,Thompsonfurt,Texas,19176,-81.083667,24.800548
Jaime King,69,654 Roberts Overpass,East Charlesberg,Virginia,16971,115.240114,-11.894915
Tiffany Robertson,43,65794 Carter Roads Suite 231,New Ashleyborough,Washington,90164,50.294316,88.7189865
Marisa Mclaughlin,52,32148 Kristen Rapids Suite 082,South Katherinehaven,Washington,60457,96.757360,-65.3683625
Roger Johnson,71,29501 Larsen Spur,East Joann,Louisiana,24562,7.182143,-31.201360
Miss Shannon Harris,73,938 Joseph Ville Apt. 063,Port Alexandria,Texas,59543,102.093902,30.2272805
Benjamin Johnson,25,287 Potter Plains,West Robertbury,New York,44666,51.763573,-79.778402
Billy Rose,37,67000 Roberts Ford Suite 893,Hayesberg,Alabama,98206,-142.719862,61.0052765
Holly Wallace,59,598 Hanna Estate,Lake Margaret,Arkansas,04958,-120.815271,3.1089745
Adam Freeman,45,06056 Jacobs Rapids,Nicholasmouth,Arizona,78953,-108.437420,-76.8959915
Carolyn Trujillo,55,53911 Lawrence Brooks,South Grantfort,Georgia,28212,-80.637561,-68.2211175
Evan Hughes,43,023 Zuniga Meadows,Joshuaview,South Carolina,93906,-71.086183,-52.728055
Billy Price,41,3600 Andrew Valley,North Abigailfurt,California,68624,-22.296602,-77.755401
Sandra Berger,45,69058 Jessica Gardens Apt. 997,East Timothyborough,Vermont,56503,-151.602065,78.1404825
Jacqueline Moore,40,028 Williams Divide Apt. 092,East Pamelamouth,Iowa,24513,142.622063,69.3726015
Marcus Ortiz,75,5711 Carter Roads,South Allen,Arizona,90923,35.948703,-61.059506
Michael Jackson,28,37943 Hubbard Parkway,South Brendabury,Tennessee,63438,-79.341634,-9.8386005
Marcia Barron,70,151 Stephanie Points,West Jamesmouth,Indiana,64732,50.238668,89.7189075
Amanda Allen,75,21112 Shelby Rapids Apt. 161,South Stephenmouth,Wyoming,98654,-93.295684,-82.2078955
Stephanie Mckinney,54,851 Elizabeth Union,North Andreafort,Colorado,10307,-124.136268,-24.539685
Patrick Williamson,77,276 Jennifer Isle Suite 286,Charlesfort,Arizona,51136,117.082769,-83.1199495
David Ortiz,69,3098 Giles Hills Suite 577,East Sarahhaven,Oklahoma,70984,-141.601956,81.7499515
Sarah Guzman,23,828 Michael Common Suite 653,Brandyborough,Ohio,04839,156.068173,-9.5552235
Steven Long,30,030 Ann Fall Apt. 507,Alexandermouth,Wisconsin,29763,22.850392,83.986244
Charles Porter,37,56192 Gilmore Cape,Salazarchester,Rhode Island,71412,13.405864,8.4839525
Karen Taylor,53,64082 Lisa Street,Sarahside,Connecticut,14922,44.203317,-25.500286
Melissa Rodriguez,65,6372 Brett Ways Apt. 248,Lake Susanberg,Virginia,55577,26.036772,52.6418925
Alan Gonzalez,36,4677 Lynn Falls Suite 596,Langbury,Arkansas,93923,-86.609377,-17.6179355
Thomas Sanders,68,86675 Ian Motorway,East Angelabury,New York,84343,-177.751476,-61.201065
Kristin Ortiz,33,962 Butler Estate Apt. 259,North Anthony,West Virginia,46792,-51.548318,0.636577
Tabitha Morales,58,39427 Morrison Streets,North Gary,New York,37108,-23.842601,20.238471
Kelly Sawyer,67,024 Joseph Throughway,Port Brian,Nebraska,77430,73.791506,48.736656
Amber Thomas,77,302 Conner Valleys Apt. 877,East Michael,Missouri,06088,-17.670705,-46.829499
Brendan James,55,734 Osborne Manor,Hamiltonbury,Connecticut,51122,159.514112,-87.7929195
Daniel Russell,60,13830 Howard Ports,Roblesborough,Missouri,68747,-91.752579,54.079977
Lindsay Hall,46,582 Wise Harbors,Millerstad,Vermont,09426,-61.793424,28.6665195
Deborah Mckee,68,44672 Mary Mount Suite 826,Amyland,Rhode Island,32100,82.549807,2.3922525
Corey Anderson,67,52698 Nichole Extensions Apt. 080,Marshallmouth,Rhode Island,31849,65.811664,40.252758
Julie Smith,78,452 Gonzalez Valley Apt. 616,West Tracy,Washington,43663,-75.369259,70.5069115
Michelle Meyer,49,02003 Joseph Dam,West Amy,Wisconsin,88187,-102.066124,-50.237965
Henry Davis,50,37865 Gonzalez Motorway,Port Carl,Washington,37428,-91.017876,4.7149855
Jennifer Mendez,27,690 Kara Way,New Cameronchester,Massachusetts,07189,-9.613495,-36.075070
Destiny Diaz,33,02271 Sanchez Square Apt. 453,North Katiechester,New York,56766,59.610747,-2.0193135
Patricia Duran,36,701 Evans Green Apt. 749,South Hannah,Nebraska,26035,-138.739630,47.4688725
Elizabeth Wright,46,1979 Makayla Parkway Apt. 788,Dorseytown,Indiana,46296,117.707955,-41.983477
Jose Moreno,72,14262 Adkins Summit,Josephshire,Rhode Island,23718,15.420907,-9.549459
Maria Copeland,32,0019 Robin Crossroad Apt. 214,Rhodesburgh,Pennsylvania,51108,-70.831691,-6.979059
Corey Williams,78,161 Natalie Fort,Lake Jeffreymouth,Tennessee,22214,-120.470244,64.530199
David Floyd,74,322 Andrew Flat,Ricardoside,Utah,96806,161.339257,-43.4978195
Kristina Bennett,57,432 Myers Mews Suite 142,Hamiltonshire,Iowa,59881,143.734900,-58.2350355
Thomas Lee,57,89696 James Ford Suite 876,North Jeffrey,New Mexico,81598,-8.757114,-88.2496475
Kelly Mccann,60,384 Pierce Path Suite 037,Christinaberg,Illinois,39281,18.408082,77.1692425
Scott Peterson,64,541 Ross Ports,South Laurenville,Alaska,38602,-91.879076,88.4609105
Kelly Lee,38,6584 Barrett Highway,North Alicia,New Hampshire,06886,65.995615,18.2005345
Travis Mathews,32,50767 Lopez Fields Apt. 869,West Crystal,Michigan,08259,46.562308,-8.2992555
John Perez,63,83766 John Roads Suite 097,East Patriciafort,Montana,90469,-79.282652,-87.200528
Christopher Rogers,69,0708 Gonzales Causeway,East Kathy,Louisiana,79904,-60.510092,-55.2047855
Crystal Martinez,30,260 Moore Walks Apt. 193,West Janetborough,Minnesota,38826,-59.994187,-65.6936965
Andrea Williams,35,76174 Bass Station,Roblesbury,Maine,75212,-81.913386,71.116638
Dr. Richard Ruiz PhD,49,91690 Michael Stream Suite 697,Jonesbury,Wisconsin,37921,-151.367683,31.9655005
Daniel David,72,35450 Woods Ranch,Lake Craigtown,New Hampshire,85280,94.272487,-33.387865
Lindsey Avila,22,0322 Fritz Harbors Suite 173,Hendricksfurt,West Virginia,33648,161.533774,71.410169
Michael Johnston,53,025 Mark Squares Suite 561,East Jackview,Iowa,63464,160.296057,-69.1579025
Mark Smith,24,631 David Springs,Lake Susanborough,West Virginia,55672,64.424580,32.419267
Joseph Wallace,67,261 Mcmillan Causeway Suite 251,Dunlapside,Wisconsin,88011,85.810505,8.729651
Sabrina Vasquez,33,869 Mccall Rest Apt. 547,South Ronaldborough,Kansas,93001,-0.120839,-85.8537055
Sara Romero,48,6885 Burnett Viaduct,Quinnburgh,Pennsylvania,99087,17.043085,33.290220
Michael Rodriguez,22,7331 Mitchell Freeway,Deborahport,Virginia,17115,167.557521,88.5962755
Kayla Hooper,68,710 Amber River Apt. 213,East Jasmine,New Hampshire,21165,7.081560,-86.388326
Kevin Howell,62,712 Patricia Key,New Kimberly,Oregon,54797,123.701515,-41.7386255
Heather Morrison,71,4432 Jeremy Stravenue Suite 083,West Craigville,Minnesota,57640,9.734165,3.571773
Diana Cardenas,49,12886 Denise Run,Herbertfurt,Louisiana,90554,-138.789652,-0.534621
Christopher Fuentes,39,7675 Jean Lodge,Laceyshire,Nebraska,89407,-32.162493,-62.024003
Mark Atkins,42,371 Chambers Road,Thorntonchester,Kentucky,98506,115.432642,67.5375005
Daniel Knapp,21,734 Olson Manor,Port Dustinfort,California,78759,-113.121359,75.1619415
Shawn Adams,71,307 Wilson Inlet Apt. 823,Derekfurt,California,73650,114.705884,-47.081500
Linda Rodriguez,45,39293 Timothy Drives Suite 702,New Kathleen,Georgia,69418,-48.095307,-44.534541
John Moon,54,034 Jeffrey Burgs Suite 522,West Timothy,Wisconsin,62385,-119.303648,55.810700
Brandi Davis,36,940 Conrad Key Apt. 848,New Seanchester,Nebraska,47002,-14.479473,5.710705
David Davis,47,08383 Page Port,Fordton,Kansas,76362,-133.231270,-15.133808
Daniel Daniels,73,203 Horton Cliff,Sotoburgh,North Carolina,88009,-85.717976,57.7937135
Katherine Allen,77,269 Green Hills Apt. 088,New Pamelahaven,Virginia,95220,-113.887363,-13.536286
Jason Gordon,47,49440 Russell Plains Apt. 615,Hopkinsmouth,Illinois,82954,170.203701,37.4643815
Henry Vazquez,61,78544 Payne Stream Apt. 515,Valenzuelaport,North Dakota,10006,-158.289593,-54.8300925
Mary Jackson,75,499 Reilly Ville Suite 380,Patriciashire,Montana,32562,14.577447,-51.454845
Michael Taylor,75,7065 Brown Village Suite 262,Kaitlinmouth,New Hampshire,44285,96.568396,44.536823
Robert Dunn,46,43524 Matthew Curve,Pageville,Missouri,04651,-178.663799,45.094844
Shawn Davis,54,4510 Benson Greens Apt. 879,Ashleyshire,Montana,12112,-55.012987,58.923859
Vincent Ballard MD,38,81778 Harrington Lights Suite 613,Port Angelafort,Ohio,60271,-170.603837,4.697642
Sherry Malone,70,474 Paige Wells,North Jackton,Oklahoma,15360,-62.676170,60.812980
Ashley Freeman,43,05764 Jeremy Alley Suite 088,New Johnhaven,Alaska,08128,-9.954148,82.0835925
Timothy Santos,23,060 Roy Terrace,Lake Andreaberg,Alaska,95053,-44.732579,59.202346
Jesse Santiago,50,2314 Lopez Summit,New Jennifer,West Virginia,45099,88.125824,47.184668
Lisa Estrada,58,003 John Island,Lake Samantha,Arkansas,44275,29.080868,16.922714
Russell Tyler,55,068 Brandy Ranch Apt. 550,Lake Edgar,Massachusetts,45298,125.438460,-87.169704
Nancy Alvarado,63,0097 Bianca Meadows,Sparksberg,Missouri,79702,92.965622,-36.448265
Donna Dalton,58,0417 Sweeney Islands Suite 779,North Alexandraside,Delaware,53297,103.719216,-75.312887
Christopher Moss,35,39139 Bond Parkways,Gonzalesfurt,Iowa,00662,-170.297971,-11.5389105
Sydney Marquez,47,96916 Cynthia Divide Apt. 479,Smithborough,Nevada,80544,0.030824,-51.8029745
Michael Estes,39,2293 Peter Lane Suite 181,Kristentown,Maine,76676,-77.984413,-25.483257
Kaitlin Baker,52,901 David Forge,Reeseville,New Hampshire,32459,-21.561650,-58.1756685
Jacob Thornton,43,840 Amy Throughway,New Joyceville,Iowa,93051,59.914168,44.7639405
Cameron Brown,76,15056 Chandler Mews,North Troy,Washington,63708,165.959740,-6.672858
Kevin Bauer,63,06151 Stevens Port Suite 370,Nolanfort,Kentucky,25679,165.232331,-58.197142
Wendy Ruiz,45,7641 Jessica Knolls Apt. 523,Guzmanberg,Oklahoma,76286,141.676520,87.945226
Erika Wilson,49,3099 John Springs Apt. 691,Owenston,Illinois,79710,166.442692,-84.3493505
Mrs. Teresa Jones,61,67789 Price Motorway,South Teresamouth,Mississippi,40626,97.974219,-21.2730205
John Jones,29,5994 Mia Walk Apt. 688,New Janet,Virginia,67944,-132.975460,-89.6278545
Isaac Ross,57,17005 Michael Fort,Port Benjamin,West Virginia,72313,170.058902,56.2031255
Clinton Romero,56,94521 Angela Curve Suite 128,Jefferytown,New Hampshire,30447,165.850972,-70.3937135
Richard Hampton,25,985 Joshua Meadow Apt. 937,Brownborough,Kentucky,37919,99.323779,-7.326816
Dr. Joseph Herrera,31,66954 Kevin Lane,New Peterside,Illinois,18350,62.582946,-43.6193905
Samantha Gallagher,32,83697 Santana Streets,West Maria,Washington,93598,68.272209,34.4834505
Daniel Joseph,56,46008 Brown Throughway,Torresburgh,Hawaii,70891,102.299551,-64.600878
Cynthia Davis,45,7181 Jeanette Terrace Suite 503,Desireestad,New York,36903,154.413223,33.016382
Jessica Anderson,65,29334 Krista Station,Chamberstown,North Carolina,05658,-99.307743,-6.012702
Ashley Murray,34,443 Ward Villages Apt. 733,Lake Justin,Connecticut,51328,94.905189,52.703873
Alexander Ramirez,48,96673 Kaitlyn Orchard Apt. 021,New Bradleyfurt,Nebraska,41718,-50.206958,22.6872385
Angel Miller,70,56452 Molina Spring,South Cynthiatown,Louisiana,76568,92.563099,32.384601
Michael Sherman,78,364 Schaefer Skyway,Port Deborahhaven,Wisconsin,53545,105.961508,-68.6465235
Danielle Jones,27,969 Hughes Station Suite 289,Smithside,Nebraska,34220,-156.017091,-19.6188505
Derrick Vazquez,50,95403 Paula Green Suite 922,Pinedahaven,New York,30468,8.053052,14.8347685
Rachel Nguyen,57,9545 Schultz Run,Port Maryhaven,Montana,47107,-99.468548,-2.027422
Larry Brooks,19,509 Welch Center Apt. 227,North Carol,Mississippi,83850,-107.885891,49.652689
Yvonne Rivas,25,6994 Joshua Centers,South Crystalfurt,South Dakota,61059,158.467244,-69.8109005
Kevin Williams,21,972 Williams Mountain Suite 992,South Joyhaven,Maryland,94582,158.184749,57.1291885
Andrew Murray,32,1191 Krause Drive,Kaylaberg,Tennessee,32356,-96.118092,-73.970324
Ronald Fowler,30,32867 Moore Skyway Suite 227,West Samanthaburgh,Mississippi,77272,-160.728681,64.4913545
Denise Nelson,67,566 White Groves,Lake Crystalmouth,Utah,65620,99.668683,-27.2184665
Daniel Richardson,76,9743 Torres Estates,Barryhaven,Massachusetts,98505,-38.877061,29.7699955
Jeremiah Flores,53,883 Wolfe Meadows,North Paul,Nebraska,09554,147.286129,-88.8614635
Erin Carroll,30,7344 Diane Shore,Lake Bernardborough,Colorado,39428,65.064560,-52.579673
Jill Olson,65,513 Garcia Villages,Kathrynview,Utah,81324,87.000004,-26.087905
Amy Webb,76,364 Black Villages Suite 219,Angelaside,North Dakota,56204,164.716495,12.060776
William York,55,225 Powell Tunnel Suite 800,Parkerfort,Colorado,68306,148.048637,68.5030055
Briana Watkins,61,338 Schmidt Mission,New Philipshire,Wisconsin,75067,47.052107,-24.9311355
Carlos Zimmerman,62,38158 Gabriela Flat,South Bethanyburgh,North Carolina,81083,122.825936,64.078843
Daniel Nguyen,69,86061 Garza Union Suite 691,Lopezville,South Dakota,46300,-79.825586,68.523577
Ashley Hall,61,275 Holder Forest Suite 178,New Tony,North Carolina,74517,157.382816,53.043499
John Roy,48,876 Russo Terrace,Lake Michellemouth,Alaska,19199,87.968019,-79.955354
Jessica Ball,41,193 Sellers Ville,Port Brendanburgh,Michigan,05983,-145.467252,-22.9902505
Adam Peterson,62,500 Susan Fall Apt. 526,East Victoriabury,Nebraska,37009,158.684928,87.376650
Emily Jennings,54,70079 Thomas Camp Apt. 342,Leeton,Delaware,24619,80.148601,76.330908
Mr. Christopher Brown,42,57761 Christopher Springs,West Jeffreyshire,New Hampshire,17312,1.138607,-68.0596035
Robert Ford,23,62322 Michelle Points,New Monicaport,Ohio,16436,-152.328722,65.7913335
Mark Thomas,70,7318 David Unions Apt. 659,Alyssaland,Pennsylvania,92711,5.945169,9.9387495
Zachary Jackson,73,18289 Boyd Burg,Brookstown,Rhode Island,08916,-11.628292,-59.4717075
Bradley Hill,63,79636 Brandon Plaza Suite 744,East Williamtown,South Carolina,96853,-76.846793,6.938913
Paul Olson,54,50948 Morris Skyway,New Robin,Texas,28162,135.217295,8.289885
Todd Horne,76,3113 Anthony Light,South Patricia,New Jersey,23465,124.961075,-4.5248335
Samantha Ward,38,449 Kelley Estates Apt. 599,Robertland,Washington,28024,167.942804,1.746636
Jessica Burgess,77,0333 Matthew Extension Apt. 750,Atkinsonborough,Missouri,17618,-42.408267,22.1515255
Julie Abbott,48,92172 Charles Ford,North Karen,South Carolina,64529,-159.535762,-60.5134055
Robert Cole,42,137 Rogers Village Suite 227,Port Angel,Utah,50535,21.995318,-79.0389215
Kenneth Irwin,30,94918 Austin Courts Suite 158,Wallaceport,Iowa,26766,-106.422355,-3.930044
James Griffin,42,793 Gonzalez Rapids Suite 392,New Jocelynside,Missouri,45228,46.567609,-85.825145
Timothy Reynolds,57,565 Teresa Bridge Suite 333,Port Lacey,Montana,29984,146.011458,50.2886055
Katherine Rosario,33,87336 William Lights,Jamiemouth,Tennessee,34232,-60.865884,-22.588196
Catherine Marshall,30,13626 Jimmy Greens Apt. 108,North Samanthamouth,Michigan,90131,9.862014,26.180610
Theresa Juarez,58,8524 Moore Track,East Amymouth,Massachusetts,37880,-12.641413,17.9277695
Vanessa Gentry,33,7142 Higgins Lodge,Riverahaven,Minnesota,57749,38.197293,67.167168
Robin Delgado,30,2595 White Walk Apt. 646,Lake Nicholas,Alaska,55245,171.680714,-21.5842495
Timothy Downs,44,48548 Melissa Village Suite 026,New Karenhaven,Kansas,90421,124.648042,48.505707
Stanley Cook,33,58270 Steven Drive Apt. 569,Lake Ashley,Kansas,08224,-154.849739,-49.978410
Frederick Simpson,35,60918 Khan Wells Suite 995,West Zacharyport,Kansas,87625,-131.056799,39.0060365
Shawn Hoffman,47,808 Shawn Ford,North Michael,Maryland,35866,-152.711273,-71.923765
Daniel Wiley,77,05943 Walsh Port Apt. 103,Port Andrew,Wisconsin,36250,-40.020906,-25.8421845
Emily Harris,49,602 Perry Turnpike,North Edwardfurt,Oregon,95700,-55.267495,-79.359688
Barbara Rodriguez,38,83687 Williams Mountains,Lake Dustin,Oklahoma,77604,-148.570362,57.0717485
Courtney Crawford,49,4649 Megan Run Apt. 042,Petersside,Delaware,93717,15.136104,-17.983931
Michelle Torres,28,894 Evans Crossing,South Mark,Oregon,84616,120.526131,2.376649
Lee Brown,33,847 Hill Junction,Walterfort,Alabama,85872,146.339355,64.5285965
Christina Ibarra,69,89726 Blair Junctions Apt. 348,Port Candice,Ohio,01168,-132.838299,5.1733185
Cassie Harvey,80,0137 Jessica Glen,Pearsonburgh,Virginia,11719,-139.088759,-32.114638
Eric Walton,26,8741 Garcia Heights,East Aaronborough,Florida,00886,71.200937,-21.246502
Peggy Rogers,25,6312 Anthony Loop Suite 625,West Samanthaside,Washington,65535,43.619200,-23.4071055
Richard Stewart,54,0517 Cruz Square,Lisachester,New Hampshire,22663,46.177356,81.534960
Kimberly Taylor,79,03436 Davis Tunnel,Lesliestad,Ohio,70799,-73.652282,-21.189553
William Douglas,71,8571 Jennings Lodge,East Allen,New Hampshire,87434,91.354840,34.044037
Richard Ferguson,45,0344 Huff Islands,West Ericville,Virginia,24914,112.692329,20.760275
Maxwell Stevens,36,7322 Carter Fords,Ricardoside,Maryland,14637,154.099528,-40.8199875
Tara Wood,21,73340 Holmes Ridge,Port Keith,Hawaii,90893,76.902525,70.0802815
Justin Crane,21,8707 John Junctions,North Dennisville,Texas,98170,97.623996,89.648143
Matthew Miles,28,3022 Nelson Pike Apt. 884,Lake Amybury,Nevada,97816,21.286176,26.7236635
Daniel Sosa,23,7935 Kim Springs Suite 945,South Stephanie,New Jersey,02167,-137.213775,18.828737
Veronica Berry,58,98383 Randy Mountain Apt. 399,East Patricia,North Carolina,62949,169.449749,-59.7032005
Gregory Williams,36,006 Rivera Junction,Elizabethville,Minnesota,18294,-8.161351,23.618435
Stephanie Warren,78,74739 Richards Island Apt. 942,North Joshuatown,Alabama,90888,166.917375,46.900195
Gregory Ramos,79,55460 William Greens Suite 554,Wyattfurt,Texas,89756,-154.242416,57.414125
Rebecca Barker,19,29872 Alexander Shoals,North Janet,Connecticut,28536,-108.351751,84.1381865
Mary Powell,24,1242 Gonzalez Falls,East Lindaland,Ohio,96323,81.344418,-48.7734265
Karen Lowery,55,27817 Wood Summit Apt. 305,Valerieland,Oregon,33948,-13.516658,3.7506305
Carol Davis,32,26963 Kim Springs,Alanberg,North Dakota,07114,-160.779362,-70.243774
Robert Heath,73,36260 Barbara Knoll,Zacharymouth,Minnesota,48498,54.408200,5.1210665
Ryan Fowler,18,0418 Charles Manors Apt. 452,North Nicoleborough,Mississippi,48524,33.879981,-24.733635
Deborah Gibson,78,274 Cody Fall,Gallaghermouth,North Carolina,03391,135.730404,-51.145414
Christopher Reeves,62,69541 Benjamin Crest Apt. 749,Dianachester,Georgia,80741,-145.243429,-12.948907
Jennifer Hendricks,26,233 Ashley Loop Suite 385,Acevedostad,Connecticut,76714,95.694238,46.711567
Meredith Rhodes,23,36260 Garcia Glens,West Maryton,Indiana,46496,-112.053708,-72.8711225
Lindsey Rowe,76,928 Todd Plains Apt. 593,Hillville,Louisiana,71949,-119.685333,61.481436
Nicole Harvey,73,556 Williams Row Apt. 718,East Donald,North Dakota,87173,-2.257010,-1.984497
Rachel Wilson,34,1661 Tate Loop,Georgeville,Louisiana,54804,97.406549,37.7674495
Mark Snow,62,737 Deborah Mount Apt. 355,East Jason,Indiana,13359,-30.624560,59.726800
Jeffrey Lee,46,3817 Robertson Springs Apt. 584,Paulview,Washington,62079,-168.898658,59.6927685
Jimmy Rodriguez,80,8635 Richard Divide Apt. 985,Port Teresa,Colorado,62787,124.927480,-45.733089
Melissa Miller,79,8686 Christian Pike Apt. 632,Bettyhaven,Florida,04212,-141.650865,-4.991772
Lori Greer,73,670 Brenda Ramp Apt. 921,Hannahstad,Utah,95900,-13.928850,-19.7285455
Lisa Williams,68,46643 Smith Mission Apt. 903,Ricardoborough,North Dakota,66649,-87.176842,-44.459730
Wesley Robertson,51,8608 Wise Meadows Apt. 146,Butlerborough,Minnesota,82696,-166.509678,82.271696
Jennifer Perkins,61,40869 Anna Rue Suite 682,Lake Richardfort,Nevada,86917,8.783346,-12.940629
Martin Liu,78,6150 Parker Motorway,East Markfurt,Oregon,43997,16.882675,59.8378905
Michael Tran,67,19473 Moran Course,Lake Janetland,Wyoming,06709,22.085082,-89.4460665
Lorraine Cox,74,67746 Laura Parkways Apt. 419,Matthewburgh,New Hampshire,12080,-106.940884,-24.825278
Thomas Brown,59,1646 Johnson Plains Suite 839,South Spencerstad,Wyoming,91402,-42.944321,2.2069645
Morgan Cabrera,39,531 Griffith Passage Apt. 545,Stewartfort,Montana,30099,46.898162,55.548090
Melissa Flores,34,178 Harris Hollow,East Nicole,Florida,47549,-51.349715,60.5302555
Joseph Walker,67,67248 Thompson Lodge Suite 630,West Jenniferside,Washington,49242,-108.841884,83.3087155
Michael Bass,27,669 Ronald Harbor,New Anthonyland,Minnesota,59078,-160.231290,72.674241
Chad Black,75,892 Garrett Center Apt. 027,Sandersshire,Montana,33718,-8.736337,75.1744865
Peggy Collier,19,849 Woodward Port Apt. 752,Alyssaside,California,64225,-79.362041,-73.2999795
Miranda Coleman,32,9124 Sanchez Square Suite 349,Lake Nathanshire,Alaska,80352,131.824828,24.825479
Mark Cruz,64,930 Anderson Forks,North Laurenview,West Virginia,71595,88.306656,-85.989470
Shawn Howard,59,900 Gross Oval,North Savannah,North Carolina,12906,69.330519,44.7111905
John Smith,60,6697 Johnson Via,Lake Kelli,Nebraska,63253,-141.481596,16.3483995
Christine Walker,28,92204 Schultz Centers Suite 577,Smithview,Kansas,58162,53.120073,25.9606215
Mary James,79,238 Connie Creek Suite 412,Lake Tammy,Arkansas,23723,152.817095,5.840671
Todd Harvey,71,9983 Nelson Terrace,Martinezmouth,Kentucky,99167,121.790203,-6.586727
William Moore,45,852 Lambert Row,Matthewchester,North Carolina,85808,-9.931379,32.807438
Taylor West,34,31417 Patel Freeway,New Heatherland,Wyoming,41276,-76.957587,34.8114665
Sara Clark,46,47700 Lisa Vista,Wardberg,Louisiana,55853,116.651517,-51.509491
Mr. Kevin Martinez Jr.,68,5549 Smith Crest,Parkmouth,Alabama,49696,-126.637087,36.5493425
Rebecca Williams,45,47804 Amy Falls Suite 563,Harpertown,Texas,40364,6.645944,3.412498
Margaret Wood,71,038 Stephanie Rest Apt. 288,Kathyview,Hawaii,37696,-121.288584,60.7109295
Roger Barnes,30,364 Rebekah Ways Apt. 401,South Tyronemouth,Hawaii,26305,72.694547,-47.2926955
Justin Morales,41,7313 George Trafficway Apt. 034,Wubury,West Virginia,36087,18.112010,22.081671
Peter Mitchell,41,9035 Ramirez Square Suite 209,West Elizabeth,Arizona,44474,175.731941,15.943096
Krista Robinson,20,24766 Leach Tunnel,Morrowchester,Colorado,03447,131.395303,82.6089675
Timothy Allen,74,2169 Kline Coves Suite 675,South Jameshaven,Florida,78096,122.829214,10.805906
Kara West,54,4512 Lopez Drive Apt. 618,Bradfordhaven,Montana,75840,-60.119067,-80.372379
Edward Mendoza,64,4411 Dillon Canyon,Beckerport,Vermont,81097,-128.604405,86.869599
Jeffery Greene,66,738 King Cliff,Lake Amandamouth,West Virginia,35975,-64.368304,-24.604517
Jeffery Strong,59,3851 Harris Grove,Valenciachester,Arkansas,87023,46.342105,42.487055
Sandy Hayes,25,025 Rodriguez River,South Margaretstad,Oklahoma,91619,-134.831330,-17.753589
Kelli Clark,26,94538 Young Squares Apt. 501,South Jenniferstad,Nevada,29044,-116.236810,-70.969613
Erik Hunter,30,989 Fields Dam Suite 737,West Timothyfurt,Massachusetts,97668,2.678010,-62.5671355
Thomas Garcia,68,8195 Burnett Village,Dannychester,Alaska,94334,-61.050122,-20.4636315
Jacqueline Stevens,24,61420 Morgan Passage,Davidtown,Washington,46348,-173.352469,-58.7154915
Sheila Mosley,50,511 Amanda Parks,Murphyview,Indiana,02959,177.548950,10.999614
Anthony Curry,28,9210 Jeremiah Harbors,Port Codyshire,Delaware,60683,-91.090172,-26.365804
Jessica Moore MD,65,8360 Hernandez Fall Apt. 486,Olsonborough,New York,07165,73.236910,9.413129
James Rogers,25,174 Luna Flat Suite 148,Bowmanfort,Indiana,77099,-53.359550,70.579657
Samantha Johnson,67,16604 Shawn Street Apt. 593,New Ericberg,Mississippi,78119,51.940485,-68.499975
Taylor Barrera,59,61359 Amanda Ranch,Jakehaven,Oklahoma,82028,-47.701972,1.6787955
Jacob Lopez,40,1139 Deborah Gardens Apt. 862,West Marytown,New Jersey,49529,-47.379929,11.3404225
Allen Olson,52,9122 Nicole Ranch Suite 582,East Michelle,Maine,46212,6.273078,-7.371677
Jacqueline Phillips,63,254 Cassandra Rapid,New Coreystad,California,30672,12.466729,-16.2917095
Valerie Perkins,61,8081 Peggy Lane,East Corymouth,Arizona,59959,-24.000695,26.6574625
John Jimenez,32,74822 Tiffany Row,Greenefurt,New Hampshire,26411,144.132239,82.348482
Pamela Welch,42,19135 Jenna Plains,New Danielside,Arkansas,08405,68.131974,69.2509835
Andrea Ruiz,39,99331 Williams Crossroad,Ballborough,Montana,33746,143.427897,51.913828
Megan Murray,78,66457 Julia Land Suite 102,Reynoldsville,Utah,95647,-41.489466,-66.671352
Craig Williams,31,80722 Webb Lights,West Brandon,Rhode Island,11461,168.415288,-21.7844475
Stanley Wallace,18,808 Diaz Hill,East Kent,Louisiana,86310,-74.184850,-59.774263
Joshua Knapp,40,431 Aaron Manor,South Annatown,Delaware,01833,82.604800,-46.320393
Donald Dillon,67,4835 Hernandez Spur,Josephborough,Georgia,19443,-113.879967,-11.788101
Jonathan Keller,52,827 Anthony Coves,Hughesview,Alabama,22686,80.318663,-75.3265845
Ralph Rodriguez,80,794 Phillips Squares Suite 312,Lake Julie,Alabama,12270,-49.237797,72.8496845
Gabriella Frost,74,50166 Stephanie Skyway Apt. 833,East Matthew,South Carolina,51872,47.414662,-23.6316205
Jennifer Blackwell,41,461 Deborah Light Suite 204,Stevenmouth,Minnesota,57925,3.555731,87.8104195
Troy Clark,23,2398 Schmidt Keys,East Williamfort,Oregon,67564,153.294126,38.625845
Paul Watson,25,3324 Rogers Motorway Apt. 505,New Leslietown,New Jersey,05086,173.579077,-80.2383425
Robert Cowan,33,59179 Faith Harbors Apt. 241,Lake Ericview,Pennsylvania,17479,-19.936583,36.798768
James Reed,76,600 Jordan Inlet,West Sandra,Tennessee,59779,-105.668365,-65.5771895
